industry_id,theme_id,symbol,industry,theme,isin_code,name,rank,description,evidence,ib_conid,currency,exchange,assetType,evidenceSources
IN,IN4,ABBN,industrial,industrial_technologies,CH0012221716,ABB LTD-REG,1,"Proporciona una cartera integral de soluciones de electrificación, movimiento, automatización de procesos y robótica que son fundamentales para avanzar en las operaciones industriales modernas y el desarrollo tecnológico.",,2682965,CHF,SMART,STK,
IN,IN4,SIE,industrial,industrial_technologies,DE0007236101,SIEMENS AG-REG,2,"Proporciona soluciones integrales de automatización industrial, digitalización y electrificación que impulsan la productividad y la sostenibilidad en diversas industrias a nivel mundial.",,14217,EUR,SMART,STK,
IN,IN4,IR,industrial,industrial_technologies,US45687V1061,INGERSOLL-RAND INC,3,"Ofrece una amplia cartera de tecnologías industriales críticas, incluyendo compresores de aire, bombas y sistemas de gestión de fluidos, esenciales para las industrias de manufactura, energía y procesos a nivel mundial.","El compromiso de Ingersoll Rand con el tema de Tecnologías Industriales es evidente a través de su amplia cartera de productos industriales, que incluyen aplicaciones de manejo de aire, gas, polvo y líquidos. La empresa opera con dos segmentos informables: Tecnologías y Servicios Industriales y Tecnologías de Precisión y Ciencia, con programas de reestructuración ejecutados dentro de estos segmentos. Ingersoll Rand proporciona servicios y soluciones destinados a aumentar la productividad y la eficiencia industrial, con una demanda de sus productos de Tecnologías y Servicios Industriales que se correlaciona con la utilización de la capacidad industrial y las tasas de producción. Además, la estrategia de la empresa incluye adquisiciones para acceder a nuevas tecnologías o geografías, lo que contribuye al crecimiento de los ingresos y del EBITDA ajustado, particularmente dentro del segmento de Tecnologías y Servicios Industriales.",404509190,USD,SMART,STK,"[{'name': 'ir-Q225-10-Q', 'url': 'https://storage.googleapis.com/reflexivity-documents-prod/edgar/filing/10-q/ir-Q225-10-Q.html'}, {'name': 'ir-Q324-10-Q', 'url': 'https://storage.googleapis.com/reflexivity-documents-prod/edgar/filing/10-q/ir-Q324-10-Q.html'}, {'name': 'ir-FY24-10-K', 'url': 'https://storage.googleapis.com/reflexivity-documents-prod/edgar/filing/10-k/ir-FY24-10-K.html'}, {'name': 'ir-Q125-10-Q', 'url': 'https://storage.googleapis.com/reflexivity-documents-prod/edgar/filing/10-q/ir-Q125-10-Q.html'}]"
IN,IN4,EMR,industrial,industrial_technologies,US2910111044,EMERSON ELECTRIC CO,4,"Ofrece tecnologías, software y servicios de automatización críticos que sustentan la optimización y la eficiencia de las operaciones e infraestructuras industriales a nivel mundial.","La participación de Emerson en Tecnologías Industriales es evidente a través de sus soluciones líderes para la generación, transmisión y distribución de energía, incluidos los sistemas de control Ovation y el software de gestión de redes digitales de AspenTech. Esto se ve respaldado además por el reconocimiento continuo de los premios IoT Breakthrough por su cartera de tecnología industrial. Además, el entorno DeltaV Edge de Emerson fue reconocido como un producto innovador por sus contribuciones a la eficiencia, la productividad y la seguridad en las operaciones de procesamiento industrial.",6842,USD,SMART,STK,
IN,IN4,PH,industrial,industrial_technologies,US7010941042,PARKER HANNIFIN CORP,5,"Es un líder mundial en tecnologías de movimiento y control, suministrando productos y soluciones críticas que mejoran la eficiencia y la innovación en una amplia gama de aplicaciones industriales.","El enfoque de la empresa en Tecnologías Industriales es evidente a través de su posición como líder mundial en tecnologías de movimiento y control, que son integrales para las aplicaciones industriales. La empresa diseña, fabrica y apoya soluciones para clientes principalmente en los mercados de equipos industriales y dentro de la planta, con la intención de centrarse principalmente en oportunidades de negocio en este sector. Sin embargo, la empresa experimentó una menor demanda en los mercados de equipos industriales y dentro de la planta, lo que ha afectado las ventas dentro del Segmento Industrial Diversificado.",11094,USD,SMART,STK,"[{'name': 'ph-FY25-10-K', 'url': 'https://storage.googleapis.com/reflexivity-documents-prod/edgar/filing/10-k/ph-FY25-10-K.html'}, {'name': 'ph-Q225-10-Q', 'url': 'https://storage.googleapis.com/reflexivity-documents-prod/edgar/filing/10-q/ph-Q225-10-Q.html'}, {'name': 'ph-Q125-10-Q', 'url': 'https://storage.googleapis.com/reflexivity-documents-prod/edgar/filing/10-q/ph-Q125-10-Q.html'}]"
IN,IN4,SU,industrial,industrial_technologies,FR0000121972,SCHNEIDER ELECTRIC SE,6,"Proporciona soluciones avanzadas de gestión y automatización de energía que permiten a las industrias optimizar operaciones, mejorar la eficiencia e impulsar la transformación digital en diversos sectores.",,29612196,EUR,SMART,STK,
IN,IN4,6503,industrial,industrial_technologies,JP3902400005,MITSUBISHI ELECTRIC CORP,7,"Desarrolla y suministra una amplia gama de productos y sistemas de automatización industrial, que incluyen automatización de fábricas, mecatrónica y sistemas de energía, cruciales para la fabricación avanzada y la infraestructura en diversas industrias.",,13905675,JPY,SMART,STK,
IN,IN4,3EC,industrial,industrial_technologies,IE00B8KQN827,EATON CORP PLC,8,"Proporciona tecnologías y soluciones esenciales de gestión de energía que impulsan la eficiencia, la confiabilidad y la sostenibilidad en diversos sectores industriales.",,118017864,EUR,SMART,STK,
IN,IN4,HON,industrial,industrial_technologies,US4385161066,HONEYWELL INTERNATIONAL INC,9,"Proporciona tecnologías y soluciones avanzadas que impulsan la eficiencia, la seguridad y la productividad en diversos sectores industriales.",,4350,USD,SMART,STK,
IN,IN4,CAT,industrial,industrial_technologies,US1491231015,CATERPILLAR INC,10,"Desarrolla y fabrica una amplia gama de maquinaria pesada y sistemas de potencia que integran tecnologías industriales avanzadas para los sectores de la construcción, la minería, la energía y el transporte.",,5437,USD,SMART,STK,
IN,IN4,ROK,industrial,industrial_technologies,US7739031091,ROCKWELL AUTOMATION INC,11,Desarrolla y proporciona soluciones avanzadas de automatización industrial e información que mejoran la productividad y la sostenibilidad en diversas industrias.,"El enfoque de Rockwell Automation en tecnologías industriales es evidente en su estrategia para dar vida a la Empresa Conectada, aprovechando la tecnología y la experiencia en la industria para resolver complejos desafíos de producción. Las tecnologías innovadoras y la experiencia en el dominio de la empresa permiten a los clientes automatizar y transformar sus procesos de fabricación. Además, las inversiones en tecnología están facilitando la expansión del mercado y el desarrollo de tecnologías avanzadas impulsa la demanda de los productos de hardware y software de la empresa.",11697,USD,SMART,STK,"[{'name': 'rok-Q125-10-Q', 'url': 'https://storage.googleapis.com/reflexivity-documents-prod/edgar/filing/10-q/rok-Q125-10-Q.html'}, {'name': 'rok-FY24-10-K', 'url': 'https://storage.googleapis.com/reflexivity-documents-prod/edgar/filing/10-k/rok-FY24-10-K.html'}]"
IN,IN4,TEL1 N,industrial,industrial_technologies,IE000IVNQZ81,TE CONNECTIVITY PLC,12,Desarrolla y fabrica soluciones críticas de conectividad y sensores que son fundamentales para el avance de una amplia gama de tecnologías industriales.,"TE Connectivity se identifica como un líder mundial en tecnología industrial, enfatizando la importancia de este sector para su estrategia comercial general. Las soluciones de la compañía facilitan avances en fábricas automatizadas, transporte de próxima generación, redes de energía, centros de datos y tecnología médica. Además, sus soluciones de conectividad y sensores permiten la distribución de energía, señal y datos, contribuyendo a un futuro más seguro, sostenible, productivo y conectado.",731466402,MXN,MEXI,STK,"[{'name': 'tel-Q125-10-Q', 'url': 'https://storage.googleapis.com/reflexivity-documents-prod/edgar/filing/10-q/tel-Q125-10-Q.html'}, {'name': 'tel-Q325-10-Q', 'url': 'https://storage.googleapis.com/reflexivity-documents-prod/edgar/filing/10-q/tel-Q325-10-Q.html'}, {'name': 'tel-FY24-10-K', 'url': 'https://storage.googleapis.com/reflexivity-documents-prod/edgar/filing/10-k/tel-FY24-10-K.html'}]"
IN,IN4,DHR,industrial,industrial_technologies,US2358511028,DANAHER CORP,13,Proporciona una amplia gama de tecnologías y soluciones avanzadas cruciales para impulsar la innovación y la eficiencia operativa en diversas aplicaciones industriales.,,6442,USD,SMART,STK,
IN,IN4,GE,industrial,industrial_technologies,US3696043013,GENERAL ELECTRIC,14,"Impulsa avances en tecnologías industriales a través de su ingeniería y fabricación de infraestructura crítica, incluyendo sistemas de generación de energía, propulsión aeronáutica y equipos de energía renovable.",,498843743,USD,SMART,STK,
IN,IN4,MMM,industrial,industrial_technologies,US88579Y1010,3M CO,15,"Contribuye a las tecnologías industriales a través de su amplia gama de materiales avanzados, sistemas de seguridad y soluciones de fabricación, permitiendo la eficiencia y la innovación en industrias globales.","3M demuestra su compromiso con las Tecnologías Industriales a través de varias mejoras operativas e inversiones. La empresa utiliza modelos habilitados por IA para optimizar la configuración de las máquinas, mejorando la utilización y el rendimiento. Esto se combina con inversiones en capacidades de fabricación y abastecimiento para alinear las capacidades de los productos con las ventas en las principales áreas geográficas, enfatizando procesos propietarios, automatizados, eficientes, seguros y sostenibles. Además, 3M se enfoca en la optimización de TI e integra soluciones de unión industrial y electrónica, respaldadas por la innovación de nuevos productos y la excelencia comercial, para impulsar el rendimiento en los mercados industriales.",9720,USD,SMART,STK,"[{'name': 'mmm-FY24-10-K', 'url': 'https://storage.googleapis.com/reflexivity-documents-prod/edgar/filing/10-k/mmm-FY24-10-K.html'}]"
IN,IN4,6954,industrial,industrial_technologies,JP3802400006,FANUC CORP,16,"Desarrolla y suministra soluciones avanzadas de automatización de fábricas, incluidos robots industriales, sistemas de control numérico computarizado (CNC) y máquinas herramienta inteligentes, que son integrales para mejorar la productividad y la eficiencia en diversos sectores industriales.",,13905758,JPY,SMART,STK,
IN,IN4,NXPI,industrial,industrial_technologies,NL0009538784,NXP SEMICONDUCTORS NV,17,"Proporciona soluciones de semiconductores esenciales que permiten la automatización, la conectividad y los sistemas de control cruciales para diversas aplicaciones industriales y procesos de fabricación inteligente.","El compromiso de NXP con las Tecnologías Industriales es evidente a través de sus ingresos significativos del mercado final Industrial e IoT, que ascendieron a $563 millones en el tercer trimestre de 2024 y $1,753 millones en lo que va del año. Las ofertas de la compañía incluyen procesadores, soluciones avanzadas de analogía, seguridad y conectividad adaptadas a este mercado. Si bien el mercado final Industrial e IoT contribuyó con $2,269 millones sustanciales a los ingresos totales, se observó una disminución debido a caídas en los productos de procesadores, que se vio parcialmente compensada por el crecimiento en productos avanzados de analogía y conectividad.",77791077,USD,SMART,STK,"[{'name': 'nxpi-FY24-10-K', 'url': 'https://storage.googleapis.com/reflexivity-documents-prod/edgar/filing/10-k/nxpi-FY24-10-K.html'}, {'name': 'nxpi-Q324-10-Q', 'url': 'https://storage.googleapis.com/reflexivity-documents-prod/edgar/filing/10-q/nxpi-Q324-10-Q.html'}]"
IN,IN4,ADI,industrial,industrial_technologies,US0326541051,ANALOG DEVICES INC,18,Proporciona componentes y soluciones que respaldan el sector de Tecnologías Industriales.,,4157,USD,SMART,STK,
IN,IN4,DE,industrial,industrial_technologies,US2441991054,DEERE & CO,19,"Desarrolla e integra tecnologías industriales avanzadas en sus equipos agrícolas, de construcción y forestales, mejorando la eficiencia operativa y la productividad en estos sectores.","La participación de John Deere en Tecnologías Industriales es evidente en su estrategia industrial inteligente, que combina inversiones en tecnología avanzada con excelencia en fabricación. La compañía está invirtiendo $20 mil millones en los EE. UU. durante la próxima década para encabezar el desarrollo de nuevos productos, tecnologías de vanguardia y fabricación avanzada. Esta estrategia se enfoca en mejorar la rentabilidad, la productividad y la sostenibilidad del cliente a través de la integración de tecnología, una tendencia que Deere pretende capitalizar con su Modelo Operativo Industrial Inteligente. La aplicación de la estrategia industrial inteligente se demuestra en la industria de la construcción de carreteras a través de una mayor digitalización, automatización y valor para los clientes.",6393,USD,SMART,STK,"[{'name': 'de-Q225-10-Q', 'url': 'https://storage.googleapis.com/reflexivity-documents-prod/edgar/filing/10-q/de-Q225-10-Q.html'}, {'name': 'de-Q125-10-Q', 'url': 'https://storage.googleapis.com/reflexivity-documents-prod/edgar/filing/10-q/de-Q125-10-Q.html'}]"
IN,IN4,APH,industrial,industrial_technologies,US0320951017,AMPHENOL CORP-CL A,20,"Contribuye a las Tecnologías Industriales proporcionando productos de interconexión avanzados, tecnologías de sensores y ensamblajes de cables cruciales para sistemas de automatización, instrumentación y control.","El compromiso de Amphenol con las Tecnologías Industriales es evidente en su enfoque estratégico para expandir las ofertas de interconexión, antenas y sensores de alta tecnología dentro del mercado industrial, tanto de forma orgánica como a través de adquisiciones, para capitalizar las revoluciones electrónicas en curso. La confianza de la empresa en esta estrategia está respaldada por el hecho de que el mercado industrial representa una parte importante de sus ventas, con aumentos notables tanto en las cifras de ventas reportadas como en las orgánicas. Esto se demuestra aún más por la fortaleza de Amphenol en segmentos diversificados del mercado industrial.",4493,USD,SMART,STK,
IN,IN4,RTX,industrial,industrial_technologies,US75513E1010,RTX CORP,21,"Aporta experiencia avanzada en ingeniería y fabricación para desarrollar tecnologías y sistemas críticos, impulsando la innovación y la eficiencia en diversos sectores industriales.",,415342104,USD,SMART,STK,
IN,IN4,AME,industrial,industrial_technologies,US0311001004,AMETEK INC,22,Desarrolla y fabrica instrumentos electrónicos y dispositivos electromecánicos que son críticos para diversas aplicaciones de tecnología industrial.,"La empresa demuestra su compromiso con las tecnologías industriales a través de sus negocios de automatización y soluciones avanzadas de instrumentación, incluyendo SPECTRO Analytical Instruments para el análisis elemental. Esto se ve reforzado por las inversiones en iniciativas de crecimiento estratégico, particularmente en investigación, desarrollo e ingeniería, destinadas a apoyar y acelerar el progreso en sus negocios. El compromiso de la empresa con la innovación se refleja en un flujo constante de nuevos productos diseñados para apoyar aplicaciones críticas de los clientes, así como un enfoque en I+D e ingeniería.",4392,USD,SMART,STK,
IN,IN4,MCHP,industrial,industrial_technologies,US5950171042,MICROCHIP TECHNOLOGY INC,23,"Proporciona microcontroladores, microprocesadores y semiconductores analógicos críticos que sustentan la automatización industrial, los sistemas de control y el Internet de las cosas, permitiendo tecnologías industriales avanzadas.","La participación de Microchip en Tecnologías Industriales es evidente a través de su provisión de microprocesadores basados en ARM y microcontroladores de 32 bits con periféricos analógicos adaptados para mercados industriales, incluida la creciente adopción de su línea de productos PIC64 en automatización industrial. La compañía también se enfoca en redes y conectividad, que abarca la Industria 4.0, como parte de su estrategia de megatendencias más amplia. Además, Microchip está aprovechando tecnologías diseñadas inicialmente para centros de datos para mejorar aplicaciones de computación embebida como la robótica, y sus microcontroladores de 32 bits con periféricos analógicos de alto rendimiento integrados están dirigidos a reducir la complejidad y el costo en entornos industriales, con 'industrial' identificado como un mercado final clave.",271568,USD,SMART,STK,"[{'name': 'mchp-Q225-10-Q', 'url': 'https://storage.googleapis.com/reflexivity-documents-prod/edgar/filing/10-q/mchp-Q225-10-Q.html'}]"
IN,IN4,6506,industrial,industrial_technologies,JP3932000007,YASKAWA ELECTRIC CORP,24,"Desarrolla y fabrica robots industriales, servomotores e inversores, que son componentes fundamentales que impulsan la automatización y la eficiencia dentro del sector de tecnologías industriales.",,14016743,JPY,SMART,STK,
IN,IN4,LMT,industrial,industrial_technologies,US5398301094,LOCKHEED MARTIN CORP,25,"Desarrolla y fabrica sistemas y productos de tecnología avanzada para defensa, aeroespacial y seguridad, aprovechando procesos industriales de vanguardia y experiencia en ingeniería.",,611191,USD,SMART,STK,
IN,IN4,FTV,industrial,industrial_technologies,US34959J1088,FORTIVE CORP,26,Desarrolla y proporciona tecnologías y soluciones esenciales que impulsan la innovación y la eficiencia en diversos sectores industriales.,"La participación de Fortive en Tecnologías Industriales es evidente a través de su provisión de tecnologías y soluciones esenciales en varios sectores. El segmento de Soluciones Operativas Inteligentes (IOS) ofrece instrumentación avanzada, software y servicios, que permiten flujos de trabajo críticos en la fabricación, industrias de procesos y otros verticales. El segmento de Tecnologías de Precisión (PT) contribuye abordando desafíos técnicos y acelerando avances en áreas desde la fabricación hasta vehículos eléctricos, además de proporcionar soluciones de prueba para la electrificación y la conectividad. Adicionalmente, Fortive diseña, desarrolla, fabrica y presta servicios de productos profesionales e ingenieriles, incorporando tecnologías innovadoras.",236074120,USD,SMART,STK,"[{'name': 'ftv-Q125-10-Q', 'url': 'https://storage.googleapis.com/reflexivity-documents-prod/edgar/filing/10-q/ftv-Q125-10-Q.html'}, {'name': 'ftv-Q324-10-Q', 'url': 'https://storage.googleapis.com/reflexivity-documents-prod/edgar/filing/10-q/ftv-Q324-10-Q.html'}, {'name': 'ftv-Q225-10-Q', 'url': 'https://storage.googleapis.com/reflexivity-documents-prod/edgar/filing/10-q/ftv-Q225-10-Q.html'}, {'name': 'ftv-FY24-10-K', 'url': 'https://storage.googleapis.com/reflexivity-documents-prod/edgar/filing/10-k/ftv-FY24-10-K.html'}]"
IN,IN4,NOC,industrial,industrial_technologies,US6668071029,NORTHROP GRUMMAN CORP,27,"Pionera en técnicas de fabricación avanzadas, desarrolla materiales de vanguardia e integra sistemas complejos, todo ello fundamental para aplicaciones industriales de alta tecnología dentro de los sectores aeroespacial y de defensa.",,10376,USD,SMART,STK,
IN,IN4,TDY,industrial,industrial_technologies,US8793601050,TELEDYNE TECHNOLOGIES INC,28,Proporciona tecnologías y soluciones avanzadas cruciales para diversas aplicaciones y procesos industriales.,"El enfoque de Teledyne en proporcionar tecnologías habilitadoras para mercados de crecimiento industrial que exigen tecnología avanzada y alta fiabilidad indica su participación en tecnologías industriales. Esto se ve respaldado además por su mención específica de la automatización de fábricas dentro de sus aplicaciones de mercado más amplias. Si bien no es un enfoque estratégico principal, el papel de la empresa en la provisión de estas tecnologías sugiere una conexión relevante con el tema de las tecnologías industriales.",6340773,USD,SMART,STK,"[{'name': 'tdy-Q324-10-Q', 'url': 'https://storage.googleapis.com/reflexivity-documents-prod/edgar/filing/10-q/tdy-Q324-10-Q.html'}, {'name': 'tdy-FY24-10-K', 'url': 'https://storage.googleapis.com/reflexivity-documents-prod/edgar/filing/10-k/tdy-FY24-10-K.html'}]"
IN,IN4,MKSI,industrial,industrial_technologies,US55306N1046,MKS INC,29,"Proporciona instrumentos avanzados, subsistemas y soluciones de control de procesos que son integrales para la fabricación industrial y los avances tecnológicos en diversos sectores.","La participación de MKS Instruments en el tema de Tecnologías Industriales es evidente a través de la entrega de soluciones tecnológicas fundamentales para aplicaciones industriales especializadas. La estrategia de la compañía en el mercado industrial especializado implica el aprovechamiento de su experiencia en el dominio y sus tecnologías patentadas en una amplia gama de aplicaciones, incluidas químicas para recubrimientos funcionales, acabado de superficies y resistencia al desgaste en la industria automotriz, soluciones de vacío para la fabricación de diamantes sintéticos y fotónica para la fabricación solar. Además, MKS proporciona soluciones de vacío y fotónica para la fabricación de diodos emisores de luz y diodos láser, lo que indica un enfoque en diversas aplicaciones dentro del sector de tecnologías industriales.",4814955,USD,SMART,STK,"[{'name': 'mksi-Q324-10-Q', 'url': 'https://storage.googleapis.com/reflexivity-documents-prod/edgar/filing/10-q/mksi-Q324-10-Q.html'}, {'name': 'mksi-FY24-10-K', 'url': 'https://storage.googleapis.com/reflexivity-documents-prod/edgar/filing/10-k/mksi-FY24-10-K.html'}]"
IN,IN4,GD,industrial,industrial_technologies,US3695501086,GENERAL DYNAMICS CORP,30,"Aplica ingeniería avanzada, fabricación e integración de sistemas para desarrollar y producir productos y plataformas complejos para aplicaciones de defensa e industriales.",,7496,USD,SMART,STK,
IN,IN4,JCI,industrial,industrial_technologies,IE00BY7QL619,JOHNSON CONTROLS INTERNATION,31,Se dedica al desarrollo y aplicación de Tecnologías Industriales.,,244164913,USD,SMART,STK,
IN,IN4,BKR,industrial,industrial_technologies,US05722G1004,BAKER HUGHES CO,32,"Ofrece una gama de tecnologías industriales, que incluyen equipos avanzados, soluciones digitales y servicios especializados, para optimizar procesos y mejorar el rendimiento en diversos sectores industriales.","Baker Hughes se identifica como una empresa de tecnología energética que ofrece una cartera diversa de tecnologías y servicios en toda la cadena de valor de la energía y la industria, con su segmento de Tecnología Industrial y Energética que incluye Soluciones Industriales. La empresa se enfoca en escalar su sistema comercial para mejorar la ejecución de la estrategia y los resultados, lo que ha llevado a una expansión de los márgenes dentro del segmento de Tecnología Industrial y Energética. Además, Baker Hughes está expandiendo su presencia industrial, alineándose con las tendencias de crecimiento a largo plazo y mejorando su posición en los mercados industriales y de energía distribuida, como lo demuestra la adquisición de Continental Disc Corporation para expandir su presencia en el mercado de control de presión y flujo.",281316445,USD,SMART,STK,"[{'name': 'bkr-Q125-10-Q', 'url': 'https://storage.googleapis.com/reflexivity-documents-prod/edgar/filing/10-q/bkr-Q125-10-Q.html'}, {'name': 'bkr-Q324-10-Q', 'url': 'https://storage.googleapis.com/reflexivity-documents-prod/edgar/filing/10-q/bkr-Q324-10-Q.html'}, {'name': 'bkr-Q225-10-Q', 'url': 'https://storage.googleapis.com/reflexivity-documents-prod/edgar/filing/10-q/bkr-Q225-10-Q.html'}, {'name': 'bkr-FY24-10-K', 'url': 'https://storage.googleapis.com/reflexivity-documents-prod/edgar/filing/10-k/bkr-FY24-10-K.html'}]"
IN,IN4,KBR,industrial,industrial_technologies,US48242W1062,KBR INC,33,"Se enfoca en la entrega de soluciones avanzadas de ingeniería, tecnología y gestión de proyectos que mejoran la eficiencia y las capacidades en diversos sectores industriales.","El compromiso de KBR con las Tecnologías Industriales es evidente a través de sus vectores de crecimiento estratégico, que incluyen energía sostenible y tecnología industrial. Este enfoque se extiende a áreas como el GNL y los mercados más amplios de refinación y productos químicos. Si bien la empresa conjunta Brown & Root se ha recuperado bien, su impacto en los ingresos de KBR no es significativo. En general, las iniciativas estratégicas y las actividades de mercado de KBR demuestran su participación en el tema de las Tecnologías Industriales.",41552939,USD,SMART,STK,"[{'name': 'kbr-Q125-10-Q', 'url': 'https://storage.googleapis.com/reflexivity-documents-prod/edgar/filing/10-q/kbr-Q125-10-Q.html'}]"
IN,IN4,ZBRA,industrial,industrial_technologies,US9892071054,ZEBRA TECHNOLOGIES CORP-CL A,34,"Proporciona soluciones críticas de hardware y software, que incluyen computación móvil, captura de datos y herramientas de automatización inteligente, que mejoran la eficiencia operativa y la visibilidad en diversos sectores industriales.","La participación de Zebra en Tecnologías Industriales es evidente a través de su liderazgo en la industria de Identificación Automática y Captura de Datos (AIDC), ofreciendo una gama de productos y servicios que incluyen computación móvil, captura de datos, RFID, impresión de códigos de barras y automatización de flujos de trabajo. El compromiso de la compañía de avanzar en su visión de Inteligencia de Activos Empresariales (EAI), que se enfoca en hacer que cada activo y trabajador de primera línea sea visible, conectado y completamente optimizado, subraya aún más su enfoque en este tema. Además, Zebra proporciona soluciones de visión artificial y automatización robótica, mejorando el rendimiento y la productividad industrial.",276304,USD,SMART,STK,"[{'name': 'zbra-Q324-10-Q', 'url': 'https://storage.googleapis.com/reflexivity-documents-prod/edgar/filing/10-q/zbra-Q324-10-Q.html'}, {'name': 'zbra-FY24-10-K', 'url': 'https://storage.googleapis.com/reflexivity-documents-prod/edgar/filing/10-k/zbra-FY24-10-K.html'}]"
IN,IN4,FTI,industrial,industrial_technologies,GB00BDSFG982,TECHNIPFMC PLC,35,"Desarrolla y suministra tecnologías industriales avanzadas y soluciones integradas esenciales para la producción y el procesamiento de energía, particularmente en aplicaciones submarinas y de superficie.","La participación de TechnipFMC en Tecnologías Industriales es evidente en su papel como líder mundial en proyectos, tecnologías y sistemas energéticos. La empresa enfatiza la innovación tecnológica tanto en energías convencionales como nuevas, aprovechando sus fortalezas tecnológicas, operativas y financieras para crear valor. Esto se demuestra además por su enfoque en la simplificación, estandarización e industrialización para reducir los tiempos de ciclo y los costos, ejemplificado por su oferta de productos configurables pre-diseñados Subsea 2.0®.",262072228,USD,SMART,STK,"[{'name': 'fti-Q125-10-Q', 'url': 'https://storage.googleapis.com/reflexivity-documents-prod/edgar/filing/10-q/fti-Q125-10-Q.html'}, {'name': 'fti-FY24-10-K', 'url': 'https://storage.googleapis.com/reflexivity-documents-prod/edgar/filing/10-k/fti-FY24-10-K.html'}]"
IN,IN4,ITW,industrial,industrial_technologies,US4523081093,ILLINOIS TOOL WORKS,36,"Proporciona equipos especializados, consumibles y soluciones de ingeniería que impulsan la eficiencia y la innovación en diversas aplicaciones industriales.",,8620,USD,SMART,STK,
IN,IN4,KEYS,industrial,industrial_technologies,US49338L1035,KEYSIGHT TECHNOLOGIES IN,37,"Desarrolla y proporciona soluciones avanzadas de prueba, medición y validación esenciales para los procesos de investigación, desarrollo y fabricación dentro del sector de Tecnologías Industriales.","La participación de Keysight en Tecnologías Industriales es evidente a través de varias iniciativas. La empresa está permitiendo el diseño industrial de próxima generación al ofrecer soluciones de conformado de paneles a un gran OEM automotriz europeo, impulsando la eficiencia de la fabricación. Los clientes de Keysight también están invirtiendo en I+D para el IoT industrial, y la empresa está viendo un creciente interés de clientes industriales en la simulación y la prototipación virtual en el dominio mecánico. Además, Keysight aseguró una victoria clave con un importante OEM automotriz para el diseño y prueba de sus sistemas de gestión de energía del hogar.",170167160,USD,SMART,STK,"[{'name': 'keys-Q125-10-Q', 'url': 'https://storage.googleapis.com/reflexivity-documents-prod/edgar/filing/10-q/keys-Q125-10-Q.html'}, {'name': 'keys-FY24-10-K', 'url': 'https://storage.googleapis.com/reflexivity-documents-prod/edgar/filing/10-k/keys-FY24-10-K.html'}, {'name': 'keys-Q225-10-Q', 'url': 'https://storage.googleapis.com/reflexivity-documents-prod/edgar/filing/10-q/keys-Q225-10-Q.html'}]"
IN,IN4,CMI,industrial,industrial_technologies,US2310211063,CUMMINS INC,38,"Desarrolla y fabrica soluciones de energía avanzadas, incluyendo motores y tecnologías relacionadas, que son componentes críticos en una amplia gama de aplicaciones industriales.",,6207,USD,SMART,STK,
IN,IN4,COHR,industrial,industrial_technologies,US19247G1076,COHERENT CORP,39,"Proporciona tecnologías avanzadas de láser y fotónica que son integrales para una amplia gama de aplicaciones de fabricación industrial, procesamiento y automatización, contribuyendo significativamente al sector de Tecnologías Industriales.",,584127832,USD,SMART,STK,
IN,IN4,PTC,industrial,industrial_technologies,US69370C1009,PTC INC,40,"Proporciona soluciones de software para operaciones industriales, incluyendo CAD, PLM, IoT y realidad aumentada, permitiendo la transformación digital y la optimización en la fabricación y el desarrollo de productos.",,121507047,USD,SMART,STK,
IN,IN4,MOG A,industrial,industrial_technologies,US6153942023,MOOG INC-CLASS A,41,Desarrolla y suministra componentes y sistemas avanzados de control de movimiento de precisión esenciales para diversas aplicaciones de automatización industrial y fabricación.,"El compromiso de la empresa con el tema de Tecnologías Industriales es evidente en su enfoque en productos tecnológicamente avanzados y el uso de nuevas tecnologías para mejorar la productividad en sus negocios. Esto se ve respaldado además por inversiones en automatización y tecnologías destinadas a mejorar las operaciones comerciales y proporcionar soluciones a los desafíos técnicos de los clientes. La empresa diseña, fabrica e integra sistemas de control y controles de movimiento y fluidos de precisión de alto rendimiento para mercados industriales, destacando su papel como integrador de sistemas tanto en los sectores aeroespacial, de defensa e industrial.",755608,USD,SMART,STK,"[{'name': 'moga-Q325-10-Q', 'url': 'https://storage.googleapis.com/reflexivity-documents-prod/edgar/filing/10-q/moga-Q325-10-Q.html'}]"
IN,IN4,NPO,industrial,industrial_technologies,US29355X1072,ENPRO INC,42,"Desarrolla y fabrica productos y soluciones industriales altamente diseñados, impulsando avances en la eficiencia operativa y la fiabilidad en diversos sectores industriales.","Enpro se identifica como una empresa de tecnología industrial de vanguardia centrada en aplicaciones críticas en mercados finales diversos y en crecimiento, incluidos semiconductores, fotónica, procesos industriales, aeroespacial, alimentos, biofarmacéutica, nuclear y ciencias de la vida. La empresa aprovecha las capacidades de ingeniería aplicada y las posiciones de especificación, y su segmento de Tecnologías de Superficies Avanzadas (AST) aplica tecnologías patentadas para ofrecer productos y soluciones diferenciados. Enpro ha visto una fuerte demanda en los mercados de alimentos y farmacéuticos y en los mercados industriales generales europeos, lo que impulsó un aumento en las ventas de Tecnologías de Sellado, con expectativas de fortaleza continua.",15130035,USD,SMART,STK,"[{'name': 'npo-Q324-10-Q', 'url': 'https://storage.googleapis.com/reflexivity-documents-prod/edgar/filing/10-q/npo-Q324-10-Q.html'}, {'name': 'npo-FY24-10-K', 'url': 'https://storage.googleapis.com/reflexivity-documents-prod/edgar/filing/10-k/npo-FY24-10-K.html'}]"
IN,IN4,SLB,industrial,industrial_technologies,AN8068571086,SLB LTD,43,"Proporciona tecnologías industriales avanzadas, equipos y soluciones digitales para mejorar la eficiencia y la productividad en diversas operaciones industriales, particularmente dentro del sector energético.",,12200,USD,SMART,STK,
IN,IN4,IPGP,industrial,industrial_technologies,US44980X1090,IPG PHOTONICS CORP,44,"Desarrolla y fabrica láseres y amplificadores de fibra de alto rendimiento que son componentes críticos en una amplia gama de aplicaciones industriales, incluido el procesamiento de materiales, la fabricación avanzada y las telecomunicaciones.","El negocio de IPG Photonics está significativamente ligado al tema de Tecnologías Industriales, ya que la empresa desarrolla, fabrica y vende láseres de fibra y láseres de diodo de alto rendimiento principalmente para el procesamiento de materiales, lo que representa una parte sustancial de sus ingresos. Sus operaciones integradas verticalmente les permiten reducir los costos de fabricación y avanzar rápidamente en sus ofertas de productos en diversos sectores, incluida la fabricación general, la automotriz (incluidos los vehículos eléctricos), la aeroespacial y la electrónica. Dada la dependencia del gasto de capital de los fabricantes que utilizan sus productos, y el papel central de los láseres en las aplicaciones industriales, la empresa muestra una fuerte conexión con este tema.",41891895,USD,SMART,STK,"[{'name': 'ipgp-Q324-10-Q', 'url': 'https://storage.googleapis.com/reflexivity-documents-prod/edgar/filing/10-q/ipgp-Q324-10-Q.html'}, {'name': 'ipgp-Q225-10-Q', 'url': 'https://storage.googleapis.com/reflexivity-documents-prod/edgar/filing/10-q/ipgp-Q225-10-Q.html'}]"
IN,IN4,TER,industrial,industrial_technologies,US8807701029,TERADYNE INC,45,"Proporciona soluciones avanzadas de prueba y automatización, incluidos equipos de prueba automáticos y robots colaborativos, que son esenciales para mejorar la eficiencia y la calidad en diversas aplicaciones industriales.",,12729,USD,SMART,STK,
IN,IN4,TMO,industrial,industrial_technologies,US8835561023,THERMO FISHER SCIENTIFIC INC,46,"Proporciona una cartera completa de instrumentos analíticos, equipos de laboratorio y soluciones científicas fundamentales para la investigación, el desarrollo y el control de calidad en diversas aplicaciones industriales.",,12869,USD,SMART,STK,
IN,IN4,HAL,industrial,industrial_technologies,US4062161017,HALLIBURTON CO,47,"Desarrolla e implementa tecnologías avanzadas y soluciones digitales para optimizar la exploración, producción y gestión del ciclo de vida de los pozos de energía, contribuyendo a la eficiencia y el rendimiento en las operaciones industriales.","La participación de Halliburton en Tecnologías Industriales es evidente en su enfoque en los avances tecnológicos y la entrega de servicios que mejoran la eficiencia y la producción para sus clientes. La empresa fabrica la mayor parte de su propio equipo, lo que permite flexibilidad en los gastos de capital y la inversión en tecnologías estratégicas como los sistemas de fracturamiento eléctrico Zeus. Halliburton también se enfoca en la automatización y la IA para mejorar el rendimiento industrial, desarrollando tecnologías como el sistema de fracturamiento autónomo de circuito cerrado ZEUS IQ y trabajando en sistemas de perforación automatizados de circuito cerrado, que utilizan retroalimentación en tiempo real para optimizar las operaciones.",7890,USD,SMART,STK,"[{'name': 'hal-Q324-10-Q', 'url': 'https://storage.googleapis.com/reflexivity-documents-prod/edgar/filing/10-q/hal-Q324-10-Q.html'}, {'name': 'hal-FY24-10-K', 'url': 'https://storage.googleapis.com/reflexivity-documents-prod/edgar/filing/10-k/hal-FY24-10-K.html'}]"
IN,IN4,PSN,industrial,industrial_technologies,US70202L1026,PARSONS CORP,48,Aprovecha soluciones tecnológicas avanzadas y experiencia en ingeniería para mejorar la eficiencia y la innovación en diversos sectores industriales.,"El compromiso de Parsons con las Tecnologías Industriales se caracteriza por su expansión en el sector de la manufactura industrial, evidenciada por recientes adjudicaciones de proyectos e inversiones. La empresa está modernizando varias plantas de municiones del Ejército, incluidas Holston y Radford, destacando una adjudicación de 176 millones de dólares para el Tanque de Almacenamiento de Solución de Nitrato de Amonio en Holston. Aunque Parsons se ha expandido a la manufactura industrial, el impacto está limitado por la escala de los recursos dedicados.",365037248,USD,SMART,STK,
IN,IN4,FLS,industrial,industrial_technologies,US34354P1057,FLOWSERVE CORP,49,Proporciona soluciones críticas de control de flujo y sellado esenciales para la infraestructura y la eficiencia operativa de numerosos sectores industriales.,,6477749,USD,SMART,STK,
IN,IN4,BA,industrial,industrial_technologies,US0970231058,BOEING CO/THE,50,"Diseña, fabrica y da servicio a productos aeroespaciales y de defensa complejos, utilizando procesos industriales avanzados, materiales y tecnologías digitales fundamentales para el sector de Tecnologías Industriales.",,4762,USD,SMART,STK,
IN,IN4,SANM,industrial,industrial_technologies,US8010561020,SANMINA CORP,51,"Proporciona soluciones de fabricación integradas para productos industriales, incluidos servicios de diseño, ingeniería y ensamblaje para sistemas y equipos industriales complejos.","El compromiso de Sanmina con el tema de Tecnologías Industriales está respaldado por su sólida base de clientes y oportunidades prometedoras en los sectores industrial y energético. La compañía anticipa un crecimiento en el año fiscal '26, impulsado por nuevos proyectos en su cartera, particularmente relacionados con equipos de energía y seguridad. Sanmina también destaca el potencial dentro de su cartera de proyectos existente.",117032813,USD,SMART,STK,
IN,IN4,WAB,industrial,industrial_technologies,US9297401088,WABTEC CORP,52,Contribuye al sector de Tecnologías Industriales desarrollando y suministrando tecnologías y sistemas utilizados en diversas aplicaciones industriales.,"El compromiso de Wabtec con el tema de Tecnologías Industriales es evidente a través de su provisión de equipos, sistemas y servicios basados en tecnología para los mercados de minería, marina e industrial. Wabtec firmó nuevos pedidos de locomotoras, minería y servicios en la región de Asia-Pacífico por un total de 127 millones de dólares durante el primer trimestre de 2025. La empresa se enfoca en mejorar la seguridad, aumentar la productividad y reducir los costos de mantenimiento para sus clientes industriales, al tiempo que impulsa la eficiencia operativa y reduce la complejidad de fabricación.",661633,USD,SMART,STK,"[{'name': 'wab-Q125-10-Q', 'url': 'https://storage.googleapis.com/reflexivity-documents-prod/edgar/filing/10-q/wab-Q125-10-Q.html'}, {'name': 'wab-FY24-10-K', 'url': 'https://storage.googleapis.com/reflexivity-documents-prod/edgar/filing/10-k/wab-FY24-10-K.html'}]"
IN,IN4,ROP,industrial,industrial_technologies,US7766961061,ROPER TECHNOLOGIES INC,53,"Desarrolla y proporciona una cartera diversa de software y productos de ingeniería que sirven a una amplia gama de aplicaciones industriales, contribuyendo a los avances en tecnologías industriales.",,2585629,USD,SMART,STK,
IN,IN4,DCI,industrial,industrial_technologies,US2576511099,DONALDSON CO INC,54,Desarrolla y fabrica sistemas y piezas de filtración avanzados que son críticos para optimizar el rendimiento y la eficiencia de equipos y procesos industriales en diversos sectores.,"El compromiso de Donaldson con las tecnologías industriales es evidente a través de su enfoque en productos y soluciones de filtración basados en la tecnología. El segmento de Soluciones Industriales de la empresa, que incluye filtración de aire industrial, gases industriales, hidráulica industrial, generación de energía y productos aeroespaciales y de defensa, destaca su diversa oferta. Donaldson también está implementando soluciones conectadas, con el objetivo de un crecimiento sustancial en máquinas conectadas para el año fiscal 2026, y ha ampliado su huella de servicio a través de la adquisición de RPS Associates, una empresa de servicios de recolección de polvo. Además, la empresa está lanzando nuevas tecnologías, incluidos controladores y pasarelas de próxima generación, para mejorar su negocio de Soluciones de Filtración Industrial (IFS), con ventas de IFS que crecen a través del modelo de servicio de crear, conectar y reemplazar.",6353,USD,SMART,STK,"[{'name': 'dci-Q225-10-Q', 'url': 'https://storage.googleapis.com/reflexivity-documents-prod/edgar/filing/10-q/dci-Q225-10-Q.html'}, {'name': 'dci-Q325-10-Q', 'url': 'https://storage.googleapis.com/reflexivity-documents-prod/edgar/filing/10-q/dci-Q325-10-Q.html'}]"
IN,IN4,KMT,industrial,industrial_technologies,US4891701009,KENNAMETAL INC,55,"Proporciona materiales avanzados y soluciones de herramientas críticas para diversos procesos de fabricación, impulsando la eficiencia y la innovación en diversos sectores industriales.","Kennametal se identifica como un líder global en tecnología industrial con más de 85 años de experiencia en materiales, ayudando a clientes de diversas industrias, incluidas Aeroespacial y Defensa, Movimiento de tierras, Energía, Ingeniería general y Transporte, a fabricar con precisión y eficiencia. La base de la empresa se basa en un avance tecnológico de carburo de tungsteno en 1938, y posee experiencia en ciencia de materiales, incluidos carburos de tungsteno, cerámicas y materiales superduros. Esta experiencia y autoidentificación como líder tecnológico indican que las tecnologías industriales son una prioridad estratégica importante para Kennametal.",8879,USD,SMART,STK,"[{'name': 'kmt-Q225-10-Q', 'url': 'https://storage.googleapis.com/reflexivity-documents-prod/edgar/filing/10-q/kmt-Q225-10-Q.html'}, {'name': 'kmt-FY25-10-K', 'url': 'https://storage.googleapis.com/reflexivity-documents-prod/edgar/filing/10-k/kmt-FY25-10-K.html'}]"
IN,IN4,DAN,industrial,industrial_technologies,US2358252052,DANA INC,56,"Desarrolla y fabrica tecnologías avanzadas de tren motriz, sellado y gestión térmica que mejoran el rendimiento y la eficiencia de los vehículos y la maquinaria industriales.",,49260419,USD,SMART,STK,
IN,IN4,MPWR,industrial,industrial_technologies,US6098391054,MONOLITHIC POWER SYSTEMS INC,57,Proporciona soluciones de gestión de energía esenciales para el desarrollo y la operación de diversas tecnologías industriales.,"La participación de la empresa en Tecnologías Industriales se demuestra a través de su creciente negocio de módulos, particularmente en el lado industrial. La empresa ofrece soluciones de módulos adaptadas para aplicaciones industriales, lo que indica un enfoque estratégico en esta área. Si bien el negocio de módulos se está expandiendo más allá de los datos empresariales para incluir sectores industriales e incluso de consumo, su contribución específica a los ingresos no se ha cuantificado.",32106121,USD,SMART,STK,
IN,IN4,LFUS,industrial,industrial_technologies,US5370081045,LITTELFUSE INC,58,"Proporciona soluciones críticas de protección de circuitos, control de potencia y detección que permiten el funcionamiento seguro y fiable de diversas tecnologías y equipos industriales.","La participación de Littelfuse en el tema de Tecnologías Industriales es evidente en su autodescripción como una empresa diversificada de fabricación de tecnología industrial. La empresa opera a través de tres segmentos: Electrónica, Transporte e Industrial, con un aumento de las ventas en el segmento Industrial atribuido a un mayor volumen de productos de control industrial y sensores, así como a productos de protección de circuitos industriales. Este crecimiento está impulsado por precios favorables y una mayor demanda del mercado final, lo que demuestra el enfoque y el éxito de la empresa en el sector de la tecnología industrial.",271184,USD,SMART,STK,"[{'name': 'lfus-Q324-10-Q', 'url': 'https://storage.googleapis.com/reflexivity-documents-prod/edgar/filing/10-q/lfus-Q324-10-Q.html'}, {'name': 'lfus-Q225-10-Q', 'url': 'https://storage.googleapis.com/reflexivity-documents-prod/edgar/filing/10-q/lfus-Q225-10-Q.html'}, {'name': 'lfus-Q125-10-Q', 'url': 'https://storage.googleapis.com/reflexivity-documents-prod/edgar/filing/10-q/lfus-Q125-10-Q.html'}]"
IN,IN4,LECO,industrial,industrial_technologies,US5339001068,LINCOLN ELECTRIC HOLDINGS,59,"Proporciona soluciones avanzadas de soldadura, corte y automatización esenciales para la fabricación, el desarrollo de infraestructura y diversas aplicaciones industriales.","El enfoque de Leco en Tecnologías Industriales es evidente en su posición como el mayor diseñador y fabricante mundial de productos de soldadura y corte por arco, que incluyen fuentes de alimentación para soldadura por arco, cortadoras de plasma CNC, sistemas de alimentación de alambre, paquetes de soldadura robótica y sistemas de automatización integrados. La dedicación de la compañía se demuestra aún más a través de inversiones en investigación y desarrollo destinadas a mejorar la calidad y la productividad de las aplicaciones de soldadura. Este compromiso se refuerza mediante la protección activa de sus innovaciones con patentes y secretos comerciales a nivel mundial, lo que destaca el énfasis de la compañía en mantener sus ofertas de productos líderes en el mercado.",4814179,USD,SMART,STK,"[{'name': 'leco-Q324-10-Q', 'url': 'https://storage.googleapis.com/reflexivity-documents-prod/edgar/filing/10-q/leco-Q324-10-Q.html'}, {'name': 'leco-FY24-10-K', 'url': 'https://storage.googleapis.com/reflexivity-documents-prod/edgar/filing/10-k/leco-FY24-10-K.html'}]"
IN,IN4,TKA,industrial,industrial_technologies,DE0007500001,THYSSEN-KRUPP AG,60,Participa en el desarrollo y la aplicación de diversas Tecnologías Industriales.,,4465866,EUR,SMART,STK,
IN,IN4,LITE,industrial,industrial_technologies,US55024U1097,LUMENTUM HOLDINGS INC,61,"Desarrolla y proporciona productos ópticos y fotónicos que son integrales para diversas aplicaciones industriales, incluidas las tecnologías de fabricación, detección y automatización.","El compromiso de Lumentum con las Tecnologías Industriales es evidente a través de su segmento de Tecnología Industrial, que ofrece una gama de láseres, incluyendo de estado sólido de pulso corto, de fibra de clase kilovatio, de diodo y de gas, abordando aplicaciones en diversos mercados finales. La adopción de los productos de tecnología industrial de Lumentum está impulsada notablemente por la necesidad de avanzar en las hojas de ruta tecnológicas de semiconductores y microelectrónica, alineándose con las tendencias de la Industria 4.0 y 5.0 que enfatizan una mayor precisión, flexibilidad y sostenibilidad en la fabricación. Si bien la compañía ha racionalizado su cartera de Tecnología Industrial para aumentar la rentabilidad, continúa lanzando nuevos productos como la plataforma de láser ultrarrápido PicoBlade Core para micromecanizado industrial, y sus láseres se incorporan en máquinas herramienta de fabricación para procesamiento de precisión en industrias como la de semiconductores y la de producción de vehículos eléctricos.",201113895,USD,SMART,STK,"[{'name': 'lite-Q125-10-Q', 'url': 'https://storage.googleapis.com/reflexivity-documents-prod/edgar/filing/10-q/lite-Q125-10-Q.html'}, {'name': 'lite-Q225-10-Q', 'url': 'https://storage.googleapis.com/reflexivity-documents-prod/edgar/filing/10-q/lite-Q225-10-Q.html'}, {'name': 'lite-FY25-10-K', 'url': 'https://storage.googleapis.com/reflexivity-documents-prod/edgar/filing/10-k/lite-FY25-10-K.html'}]"
IN,IN4,OSK,industrial,industrial_technologies,US6882392011,OSHKOSH CORP,62,Integra diversas Tecnologías Industriales en el desarrollo y fabricación de sus vehículos y equipos especializados.,"Oshkosh Corporation se identifica como una empresa global de tecnología industrial enfocada en hacer avanzar el mundo a través del diseño, desarrollo y fabricación de vehículos y equipos especialmente diseñados. La compañía enfatiza su papel como innovador e integrador, desarrollando y aprovechando tecnologías disruptivas en su cartera, específicamente en electrificación, autonomía y conectividad, destacando su dedicación a las tecnologías industriales.",272856,USD,SMART,STK,"[{'name': 'osk-FY24-10-K', 'url': 'https://storage.googleapis.com/reflexivity-documents-prod/edgar/filing/10-k/osk-FY24-10-K.html'}]"
IN,IN4,ESAB,industrial,industrial_technologies,US29605J1060,ESAB CORP,63,"Proporciona equipos y soluciones avanzadas para soldadura, corte y automatización, esenciales para diversas aplicaciones industriales.",,550617891,USD,SMART,STK,
IN,IN4,TXT,industrial,industrial_technologies,US8832031012,TEXTRON INC,64,"Se dedica al desarrollo, fabricación y aplicación de tecnologías avanzadas en un amplio espectro de sectores industriales.",,13101,USD,SMART,STK,
IN,IN4,AMTM,industrial,industrial_technologies,US0239391016,AMENTUM HOLDINGS INC,65,Apoya al sector de Tecnologías Industriales a través de sus servicios de ingeniería y técnicos.,,729362584,USD,SMART,STK,
IN,IN4,WWD,industrial,industrial_technologies,US9807451037,WOODWARD INC,66,"Desarrolla y fabrica sistemas y componentes de control que optimizan el rendimiento y la eficiencia en maquinaria y procesos industriales, contribuyendo a los avances en tecnologías industriales.",,6761574,USD,SMART,STK,
IN,IN4,HI,industrial,industrial_technologies,US4315711089,HILLENBRAND INC,67,Contribuye a las tecnologías industriales a través del desarrollo y la provisión de equipos y soluciones de procesamiento para diversas aplicaciones de fabricación.,"El enfoque de Hillenbrand en las tecnologías industriales es evidente a través de su provisión de equipos y soluciones de procesamiento de alta ingeniería como empresa industrial global. El portafolio de Soluciones de Procesos Avanzados de la compañía, que incluye tecnologías como la composición, extrusión, manejo de materiales y mezcla, resalta este enfoque. Hillenbrand opera a través de dos segmentos: Soluciones de Procesos Avanzados y Soluciones de Tecnología de Moldeo, lo que enfatiza aún más su compromiso con las tecnologías industriales.",49634250,USD,SMART,STK,"[{'name': 'hi-Q125-10-Q', 'url': 'https://storage.googleapis.com/reflexivity-documents-prod/edgar/filing/10-q/hi-Q125-10-Q.html'}, {'name': 'hi-FY24-10-K', 'url': 'https://storage.googleapis.com/reflexivity-documents-prod/edgar/filing/10-k/hi-FY24-10-K.html'}]"
IN,IN4,NOVT,industrial,industrial_technologies,CA67000B1040,NOVANTA INC,68,"Desarrolla y suministra soluciones tecnológicas avanzadas que mejoran la automatización, la precisión y la eficiencia dentro de diversas aplicaciones industriales.","Novanta está fuertemente involucrada en el tema de Tecnologías Industriales, como lo demuestra su papel como proveedor global líder de soluciones tecnológicas centrales para OEMs industriales avanzados. El enfoque estratégico de la empresa incluye aumentar la penetración en aplicaciones industriales avanzadas de alto crecimiento como el procesamiento de materiales láser, la robótica y la automatización, logrado a través de una estrecha colaboración con los clientes OEM. Además, Novanta amplía su oferta de productos adquiriendo tecnologías innovadoras en aplicaciones industriales avanzadas, y este mercado representa una parte significativa de sus ingresos.",233146666,USD,SMART,STK,"[{'name': 'novt-Q125-10-Q', 'url': 'https://storage.googleapis.com/reflexivity-documents-prod/edgar/filing/10-q/novt-Q125-10-Q.html'}, {'name': 'novt-Q324-10-Q', 'url': 'https://storage.googleapis.com/reflexivity-documents-prod/edgar/filing/10-q/novt-Q324-10-Q.html'}, {'name': 'novt-FY24-10-K', 'url': 'https://storage.googleapis.com/reflexivity-documents-prod/edgar/filing/10-k/novt-FY24-10-K.html'}]"
IN,IN4,ITT,industrial,industrial_technologies,US45073V1089,ITT INC,69,"Desarrolla y fabrica componentes críticos de alta ingeniería y soluciones tecnológicas personalizadas para diversos mercados industriales, contribuyendo a los avances en procesos industriales e infraestructura.","ITT Inc. participa en el tema de Tecnologías Industriales como un fabricante diversificado de componentes críticos altamente diseñados y soluciones tecnológicas personalizadas, al servicio de los mercados de transporte, industrial y energético. La empresa aplica su tecnología y experiencia en ingeniería para abordar los desafíos de los clientes dentro de estos mercados. El segmento de Tecnologías de Conexión y Control (CCT) de ITT ha experimentado aumentos de ingresos debido al crecimiento en conectores industriales, al mismo tiempo que se ha visto afectado por los aranceles sobre componentes industriales y materias primas importadas. El compromiso de la empresa en la resolución de desafíos de los clientes a través de la ingeniería aplicada proporciona valiosas relaciones comerciales, especialmente dada la naturaleza crítica de sus aplicaciones.",233010383,USD,SMART,STK,"[{'name': 'itt-Q225-10-Q', 'url': 'https://storage.googleapis.com/reflexivity-documents-prod/edgar/filing/10-q/itt-Q225-10-Q.html'}, {'name': 'itt-FY24-10-K', 'url': 'https://storage.googleapis.com/reflexivity-documents-prod/edgar/filing/10-k/itt-FY24-10-K.html'}, {'name': 'itt-Q125-10-Q', 'url': 'https://storage.googleapis.com/reflexivity-documents-prod/edgar/filing/10-q/itt-Q125-10-Q.html'}, {'name': 'itt-Q324-10-Q', 'url': 'https://storage.googleapis.com/reflexivity-documents-prod/edgar/filing/10-q/itt-Q324-10-Q.html'}]"
IN,IN4,ACLS,industrial,industrial_technologies,US0545402085,AXCELIS TECHNOLOGIES INC,70,"Proporciona equipos críticos de implantación de iones esenciales para la fabricación avanzada de semiconductores, contribuyendo así al panorama tecnológico industrial en general.",,239037320,USD,SMART,STK,
IN,IN4,HLIO,industrial,industrial_technologies,US42328H1095,HELIOS TECHNOLOGIES INC,71,"Desarrolla y fabrica tecnologías industriales, incluidos sistemas de potencia fluida y control electrónico, esenciales para diversas aplicaciones industriales.",,371248349,USD,SMART,STK,
IN,IN4,BRKR,industrial,industrial_technologies,US1167941087,BRUKER CORP,72,Se enfoca en proporcionar tecnologías y soluciones esenciales que sustentan los avances en el sector de Tecnologías Industriales.,"La participación de Bruker en tecnologías industriales es evidente a través de sus actividades en varias áreas clave. El segmento BSI NANO de la compañía experimenta una fuerte demanda en metrología de semiconductores, y su negocio de Research Instruments ve un crecimiento en tecnologías de aceleradores y fusión, particularmente en tecnologías de litografía ultravioleta extrema para semiconductores de próxima generación. Bruker también participa en investigación industrial relacionada con tecnologías limpias, baterías y fusión, al tiempo que suministra negocios de IR/NIR/Raman. Sin embargo, la compañía ha experimentado retrasos en las inversiones en instrumentación de investigación industrial y debilidad en los mercados industriales debido a la incertidumbre económica y arancelaria, lo que ha afectado el crecimiento de los ingresos en los sectores académico, gubernamental e industrial.",9905742,USD,SMART,STK,"[{'name': 'brkr-FY24-10-K', 'url': 'https://storage.googleapis.com/reflexivity-documents-prod/edgar/filing/10-k/brkr-FY24-10-K.html'}]"
IN,IN4,CTS,industrial,industrial_technologies,US1265011056,CTS CORP,73,"Desarrolla y suministra una gama de soluciones de detección, actuación y conectividad que son integrales para diversas aplicaciones y tecnologías industriales.",,6190,USD,SMART,STK,
IN,IN4,WAT,industrial,industrial_technologies,US9418481035,WATERS CORP,74,Centra sus actividades comerciales en el ámbito de las Tecnologías Industriales.,,1448494,USD,SMART,STK,
IN,IN4,ON,industrial,industrial_technologies,US6821891057,ON SEMICONDUCTOR,75,"Ofrece soluciones de energía y detección que son críticas para impulsar avances en la automatización industrial, la eficiencia energética y una amplia gama de otras aplicaciones de tecnología industrial.",,8677881,USD,SMART,STK,
