symbol,industry_id,theme_id,industry,theme,isin_code,name,rank,description,evidence,ib_conid,currency,exchange,assetType,evidenceSources
AMZN,CR,RE1,consumer and retail,retail_giant,US0231351067,AMAZON.COM INC,1,"Opera como líder mundial en comercio minorista, dominando tanto el comercio electrónico como, cada vez más, los sectores minoristas físicos tradicionales, estableciendo así estándares en la industria e influyendo en el comportamiento del consumidor a nivel mundial.","La posición de Amazon como gigante minorista está respaldada por sus sustanciales ingresos, su enfoque en la experiencia del cliente y su amplia selección de productos. La empresa informó un crecimiento significativo de los ingresos y enfatiza la provisión de valor, precios bajos y entrega rápida. La capacidad de Amazon para navegar por condiciones desafiantes se deriva de su extensa selección, sus asociaciones con numerosos vendedores independientes y la confianza que ha cultivado con los clientes, lo que le permite emerger de períodos inciertos con una mayor cuota de mercado. Además, la resiliencia de Amazon a los aranceles, debido a su diversa fuente de suministro y su modelo de mercado, refuerza su posición prominente en el panorama minorista.",3691937,USD,SMART,STK,
WMT,CR,RE1,consumer and retail,retail_giant,US9311421039,WALMART INC,2,"Opera como una de las corporaciones minoristas más grandes del mundo, influyendo en los mercados de consumo globales a través de su extensa red de tiendas y plataformas de comercio electrónico.","La posición de Walmart como actor importante en la industria minorista es evidente a través de su escala, diversos formatos minoristas y competencia dentro del mercado omnicanal. El desempeño financiero de la empresa en segmentos como Walmart U.S., Walmart International y Sam's Club, junto con sus extensas operaciones e iniciativas estratégicas, solidifica su posición como minorista líder. Esto se ve reforzado aún más por el enfoque del documento en los resultados de Walmart y el reconocimiento implícito de su amplia influencia.",13824,USD,SMART,STK,"[{'name': 'wmt-Q225-10-Q', 'url': 'https://storage.googleapis.com/reflexivity-documents-prod/edgar/filing/10-q/wmt-Q225-10-Q.html'}]"
MC,CR,RE1,consumer and retail,retail_giant,FR0000121014,LVMH MOET HENNESSY LOUIS VUI,3,"Funciona como un conglomerado dominante de venta minorista de lujo a nivel mundial, gestionando una extensa cartera de marcas prestigiosas en múltiples sectores con una presencia mundial significativa.",,29612150,EUR,SMART,STK,
HD,CR,RE1,consumer and retail,retail_giant,US4370761029,HOME DEPOT INC,4,"Opera como un minorista líder en mejoras para el hogar con una vasta huella de tiendas y una influencia significativa en el mercado, dando forma a las tendencias y experiencias del consumidor dentro del panorama minorista global.","La posición de la empresa como un gigante minorista está respaldada por su extensa red de tiendas, que incluye 2,347 tiendas, y cifras de ventas sustanciales, con $40.2 mil millones en ventas netas reportadas en el tercer trimestre del año fiscal 2024 y $159.5 mil millones en el año fiscal 2024. Estas cifras, junto con ganancias de $3.6 mil millones, o $3.67 por acción diluida, para el tercer trimestre del año fiscal 2024, resaltan la presencia e influencia significativas de la empresa en la industria minorista. La empresa continúa expandiendo su huella, abriendo nuevas tiendas en EE. UU. y México, solidificando aún más su estatus como un actor importante en el sector minorista.",7930,USD,SMART,STK,"[{'name': 'hd-Q224-10-Q', 'url': 'https://storage.googleapis.com/reflexivity-documents-prod/edgar/filing/10-q/hd-Q224-10-Q.html'}, {'name': 'hd-Q324-10-Q', 'url': 'https://storage.googleapis.com/reflexivity-documents-prod/edgar/filing/10-q/hd-Q324-10-Q.html'}, {'name': 'hd-FY24-10-K', 'url': 'https://storage.googleapis.com/reflexivity-documents-prod/edgar/filing/10-k/hd-FY24-10-K.html'}]"
9988,CR,RE1,consumer and retail,retail_giant,KYG017191142,ALIBABA GROUP HOLDING LTD,5,"Opera como una fuerza dominante en el sector minorista global, impulsando la innovación en el comercio electrónico y expandiendo su presencia minorista física en varios mercados.",,391638829,HKD,SEHK,STK,
TGT,CR,RE1,consumer and retail,retail_giant,US87612E1064,TARGET CORP,6,"Mantiene una presencia significativa en el sector minorista, caracterizada por una amplia huella de tiendas y una oferta de productos diversa que contribuye a la escala y competitividad de la industria.","La posición de Target como gigante minorista es evidente a través de sus extensas operaciones, estrategias y desempeño financiero detallados en los documentos proporcionados. Con casi 2.000 tiendas en los 50 estados y una cartera de marcas propias de 31.000 millones de dólares, Target es un líder principal en el comercio minorista. Los ingresos sustanciales de la empresa, como los 25.700 millones de dólares reportados, y sus asociaciones estratégicas con marcas importantes como Apple, Starbucks y Levi's, solidifican aún más su significativa presencia e influencia en la industria minorista. Las discusiones sobre el negocio multicanal de Target, su abastecimiento global y su equipo de diseño también refuerzan su estatus como minorista líder.",6437,USD,SMART,STK,"[{'name': 'tgt-Q324-10-Q', 'url': 'https://storage.googleapis.com/reflexivity-documents-prod/edgar/filing/10-q/tgt-Q324-10-Q.html'}, {'name': 'tgt-Q224-10-Q', 'url': 'https://storage.googleapis.com/reflexivity-documents-prod/edgar/filing/10-q/tgt-Q224-10-Q.html'}]"
COST,CR,RE1,consumer and retail,retail_giant,US22160K1051,COSTCO WHOLESALE CORP,7,"Opera como un club de almacén líder basado en membresía, contribuyendo significativamente al panorama minorista global a través de su extensa red y modelo de ventas de alto volumen.","La posición de la empresa como un gigante minorista se ve respaldada por sus importantes ventas netas, que alcanzaron los $249,625, y la expansión de su infraestructura con la apertura de 30 nuevos almacenes. Este crecimiento se refleja además en un aumento del 5% en las ventas comparables, impulsado por el rendimiento de los almacenes nuevos y existentes. La escala de la empresa, sus operaciones globales y su énfasis en aumentar las ventas y adaptarse a la competencia solidifican su posición como un actor importante en el panorama minorista.",272997,USD,SMART,STK,"[{'name': 'cost-FY24-10-K', 'url': 'https://storage.googleapis.com/reflexivity-documents-prod/edgar/filing/10-k/cost-FY24-10-K.html'}]"
ITX,CR,RE1,consumer and retail,retail_giant,ES0148396007,INDUSTRIA DE DISENO TEXTIL,8,"Opera como un minorista de moda global dominante con una extensa red de marcas y tiendas, influyendo significativamente en el panorama minorista mundial.",,162084958,EUR,SMART,STK,
LOW,CR,RE1,consumer and retail,retail_giant,US5486611073,LOWE'S COS INC,9,"Mantiene una vasta red de tiendas y una amplia oferta de productos en el sector de la mejora del hogar, consolidando su posición como un importante gigante minorista.",,9199,USD,SMART,STK,
9618,CR,RE1,consumer and retail,retail_giant,KYG8208B1014,JD.COM INC-CLASS A,10,"Opera como un importante minorista en línea, ofreciendo una gran variedad de productos y servicios en diversas categorías, consolidando su posición como una fuerza dominante en los sectores de comercio electrónico y minorista.",,426228059,HKD,SEHK,STK,
JD,CR,RE1,consumer and retail,retail_giant,US47215P1066,JD.COM INC-ADR,11,"Funciona como una vasta plataforma de comercio electrónico y cadena de suministro minorista integrada, impulsando la distribución de bienes de consumo a gran escala y servicios minoristas.",,152486141,USD,SMART,STK,
SPG,CR,RE1,consumer and retail,retail_giant,US8288061091,SIMON PROPERTY GROUP INC,12,"Posee y gestiona una amplia cartera de propiedades minoristas, incluidos centros comerciales y centros outlet, sirviendo como propietario principal para numerosas empresas minoristas a gran escala.",,2009113,USD,SMART,STK,
TJX,CR,RE1,consumer and retail,retail_giant,US8725401090,TJX COMPANIES INC,13,"Opera como un destacado minorista de ropa y moda para el hogar a precios reducidos, manteniendo una presencia sustancial en el mercado y una extensa red de tiendas en numerosos países.","La destacada posición de TJX en la industria minorista es evidente a través de su autoidentificación como minorista líder de ropa y moda para el hogar a precios reducidos en EE. UU. y en todo el mundo, operando más de 5.000 tiendas en cuatro segmentos principales. El liderazgo de la empresa expresa una gran confianza en su visión estratégica para el crecimiento futuro, destacando su largo historial de navegación en mercados minoristas desafiantes y emergiendo más fuerte con mayores oportunidades de cuota de mercado. TJX también enfatiza su capacidad para atraer nuevos compradores con su propuesta de valor, combinando marca, moda, calidad y precio, lo que solidifica aún más su posición como un actor importante en el sector minorista, respaldado por un gran equipo de más de 1.300 compradores que obtienen productos a nivel mundial.",12814,USD,SMART,STK,"[{'name': 'tjx-Q325-10-Q', 'url': 'https://storage.googleapis.com/reflexivity-documents-prod/edgar/filing/10-q/tjx-Q325-10-Q.html'}]"
SBUX,CR,RE1,consumer and retail,retail_giant,US8552441094,STARBUCKS CORP,14,"Opera como una destacada cadena minorista global, demostrando una presencia e influencia significativas en el mercado dentro de la industria minorista en general.","La posición de Starbucks como un gigante minorista está respaldada por su extensa presencia global, con más de 40,500 tiendas operadas por la compañía y con licencia en 88 mercados, que crecieron un 5% en el último año. Las operaciones de la compañía se dividen en tres segmentos: América del Norte, Internacional y Desarrollo de Canales, con el desempeño financiero impulsado por la apertura de nuevas tiendas y las ventas comparables de tiendas. Como el principal tostador, comercializador y minorista de café especial a nivel mundial, la considerable red de tiendas y el reconocimiento de marca de Starbucks solidifican su estatus como minorista líder, contribuyendo significativamente a sus $36.2 mil millones en ingresos netos totales para el año fiscal 2024.",274105,USD,SMART,STK,"[{'name': 'sbux-Q125-10-Q', 'url': 'https://storage.googleapis.com/reflexivity-documents-prod/edgar/filing/10-q/sbux-Q125-10-Q.html'}, {'name': 'sbux-FY24-10-K', 'url': 'https://storage.googleapis.com/reflexivity-documents-prod/edgar/filing/10-k/sbux-FY24-10-K.html'}]"
KR,CR,RE1,consumer and retail,retail_giant,US5010441013,KROGER CO,15,"Mantiene una presencia significativa como uno de los mayores minoristas de alimentos en los Estados Unidos, operando numerosos supermercados y tiendas multidepartamentales en diversas regiones.","La importancia de Kroger como Gigante Minorista se ve subrayada por sus extensas redes de tiendas, su amplia oferta de productos y su fuerte presencia de marca entre los consumidores. El modelo de creación de valor probado de la empresa y sus pilares estratégicos, que incluyen Frescura, Nuestras Marcas, Personalización y Sin Interrupciones, solidifican aún más su posición como entidad minorista líder. Como importante operador de supermercados con un modelo de negocio diverso que genera crecimiento de las ganancias netas, el desempeño financiero y las iniciativas estratégicas de Kroger reflejan su estatus como actor clave en la industria minorista.",8908,USD,SMART,STK,"[{'name': 'kr-Q324-10-Q', 'url': 'https://storage.googleapis.com/reflexivity-documents-prod/edgar/filing/10-q/kr-Q324-10-Q.html'}, {'name': 'kr-Q224-10-Q', 'url': 'https://storage.googleapis.com/reflexivity-documents-prod/edgar/filing/10-q/kr-Q224-10-Q.html'}]"
AD,CR,RE1,consumer and retail,retail_giant,NL0011794037,KONINKLIJKE AHOLD DELHAIZE N,16,"Opera una vasta red internacional de supermercados y plataformas de comercio electrónico, ofreciendo una amplia selección de productos alimenticios y no alimenticios a una gran base de clientes.",,240486295,EUR,SMART,STK,
CPNG,CR,RE1,consumer and retail,retail_giant,US22266T1097,COUPANG INC,17,"Opera una plataforma integral de comercio electrónico que ofrece una amplia selección de productos y servicios, estableciéndose como una fuerza dominante en la industria minorista.","La conexión de Coupang con el tema del Gigante Minorista es evidente por su posición como empresa Fortune 200 que ofrece servicios minoristas a nivel mundial. El crecimiento sostenido de la empresa en el mercado minorista coreano, impulsado por un enfoque en la expansión de la selección, la reducción de precios y la mejora de la entrega, destaca su influencia. Coupang también está expandiendo sus operaciones en Taiwán, forjando relaciones con marcas globales y lanzando su programa de membresía WOW, solidificando aún más su posición en el sector minorista.",475686899,USD,SMART,STK,"[{'name': 'cpng-FY24-10-K', 'url': 'https://storage.googleapis.com/reflexivity-documents-prod/edgar/filing/10-k/cpng-FY24-10-K.html'}]"
ULTA,CR,RE1,consumer and retail,retail_giant,US90384S3031,ULTA BEAUTY INC,18,"Opera como un minorista prominente, ofreciendo una amplia gama de productos y servicios de belleza en una extensa red de tiendas y plataformas en línea, estableciendo una presencia significativa en el mercado minorista.",,46970422,USD,SMART,STK,
DG,CR,RE1,consumer and retail,retail_giant,US2566771059,DOLLAR GENERAL CORP,19,"Opera como una cadena minorista importante con una amplia presencia, lo que contribuye a la escala y el alcance general de la industria minorista.","La posición de la empresa como el minorista de descuento más grande de los Estados Unidos, basada en su extensa red de más de 20,000 tiendas en 48 estados de EE. UU. y México, la establece firmemente como un gigante minorista. Esto se ve reforzado aún más por las inversiones continuas de la empresa, incluidos los planes de abrir aproximadamente 575 nuevas tiendas y remodelar aproximadamente 4,250 ubicaciones existentes. La concentración de tiendas de la empresa en los estados del sur, suroeste, medio oeste y este de los Estados Unidos destaca su amplio alcance e influencia en el mercado minorista.",70212228,USD,SMART,STK,"[{'name': 'dg-Q324-10-Q', 'url': 'https://storage.googleapis.com/reflexivity-documents-prod/edgar/filing/10-q/dg-Q324-10-Q.html'}, {'name': 'dg-Q224-10-Q', 'url': 'https://storage.googleapis.com/reflexivity-documents-prod/edgar/filing/10-q/dg-Q224-10-Q.html'}, {'name': 'dg-FY24-10-K', 'url': 'https://storage.googleapis.com/reflexivity-documents-prod/edgar/filing/10-k/dg-FY24-10-K.html'}]"
BBY,CR,RE1,consumer and retail,retail_giant,US0865161014,BEST BUY CO INC,20,"Opera como un minorista de electrónica prominente, manteniendo una presencia sustancial en el mercado e influyendo en la distribución de electrónica de consumo dentro del panorama minorista en general.","La prominencia de Best Buy en el tema de los gigantes minoristas está respaldada por su posición autodescrita como el 'minorista especializado en electrónica de consumo más grande', con operaciones que abarcan tanto a EE. UU. como a Canadá. La importante presencia minorista de la compañía se demuestra aún más por su extensa red de más de mil tiendas. Esta escala sustancial y la influencia en el mercado solidifican el estatus de Best Buy como un actor importante en el sector minorista.",4817,USD,SMART,STK,"[{'name': 'bby-FY25-10-K', 'url': 'https://storage.googleapis.com/reflexivity-documents-prod/edgar/filing/10-k/bby-FY25-10-K.html'}, {'name': 'bby-Q225-10-Q', 'url': 'https://storage.googleapis.com/reflexivity-documents-prod/edgar/filing/10-q/bby-Q225-10-Q.html'}]"
CA,CR,RE1,consumer and retail,retail_giant,FR0000120172,CARREFOUR SA,21,"Opera como un gigante minorista multinacional, gestionando una cartera diversa de hipermercados, supermercados y tiendas de conveniencia, junto con una creciente presencia de comercio electrónico en varios mercados globales.",,29612172,EUR,SMART,STK,
LULU,CR,RE1,consumer and retail,retail_giant,US5500211090,LULULEMON ATHLETICA INC,22,"Opera como un minorista global destacado especializado en ropa y accesorios deportivos, aprovechando una amplia red de tiendas físicas y plataformas de comercio electrónico para llegar a una amplia base de clientes.",,45157951,USD,SMART,STK,
NKE,CR,RE1,consumer and retail,retail_giant,US6541061031,NIKE INC -CL B,23,"Impulsa ventas sustanciales y cuota de mercado dentro del sector minorista global a través de su extensa red de tiendas de marca, robustos canales directos al consumidor y una amplia distribución mayorista.","La posición de NIKE como el mayor vendedor mundial de calzado y ropa deportiva establece firmemente su importancia dentro del sector minorista. Los productos de la compañía se distribuyen a través de operaciones de NIKE Direct, que incluyen tiendas minoristas y plataformas digitales propiedad de NIKE, así como a través de cuentas mayoristas que comprenden distribuidores independientes, licenciatarios y representantes de ventas en numerosos países. Dado su estatus como el mayor vendedor, NIKE ocupa una posición dominante en el mercado minorista.",10291,USD,SMART,STK,"[{'name': 'nke-Q125-10-Q', 'url': 'https://storage.googleapis.com/reflexivity-documents-prod/edgar/filing/10-q/nke-Q125-10-Q.html'}]"
CVS,CR,RE1,consumer and retail,retail_giant,US1266501006,CVS HEALTH CORP,24,"Opera una vasta red de farmacias minoristas y clínicas de salud, ofreciendo una amplia gama de productos y servicios de salud, bienestar y conveniencia en numerosas comunidades.",,2585769,USD,SMART,STK,
M,CR,RE1,consumer and retail,retail_giant,US55616P1049,MACYS INC,25,"Opera como una importante cadena de grandes almacenes con una presencia nacional significativa, contribuyendo al panorama de las operaciones minoristas a gran escala.",,44475946,USD,SMART,STK,
DLTR,CR,RE1,consumer and retail,retail_giant,US2567461080,DOLLAR TREE INC,26,"Opera como un destacado minorista de descuento con una vasta red de tiendas en América del Norte, contribuyendo significativamente al panorama minorista y a la distribución de bienes de consumo.","La posición de la empresa como un operador líder de más de 16.500 tiendas minoristas de descuento, que opera a través de los segmentos Dollar Tree y Family Dollar, la establece como un actor prominente en el sector minorista. Con una presencia significativa en 48 estados, el Distrito de Columbia y cinco provincias canadienses, la extensa red de la empresa subraya su importancia como un gigante minorista. Su escala e influencia sustanciales en el mercado minorista de descuento solidifican aún más esta posición.",49388062,USD,SMART,STK,"[{'name': 'dltr-Q224-10-Q', 'url': 'https://storage.googleapis.com/reflexivity-documents-prod/edgar/filing/10-q/dltr-Q224-10-Q.html'}, {'name': 'dltr-Q324-10-Q', 'url': 'https://storage.googleapis.com/reflexivity-documents-prod/edgar/filing/10-q/dltr-Q324-10-Q.html'}]"
TPR,CR,RE1,consumer and retail,retail_giant,US8760301072,TAPESTRY INC,27,"Opera como un gigante minorista global, gestionando una cartera diversa de marcas de moda destacadas en una extensa red de tiendas internacionales.",,292491487,USD,SMART,STK,
RL,CR,RE1,consumer and retail,retail_giant,US7512121010,RALPH LAUREN CORP,28,"Opera como un importante minorista de moda a nivel mundial, contribuyendo significativamente al panorama minorista de lujo y prendas de vestir a través de su extensa cartera de marcas y canales de distribución.",,92306678,USD,SMART,STK,
RH,CR,RE1,consumer and retail,retail_giant,US74967X1037,RH,29,Se establece como un actor líder en el mercado de mobiliario de lujo para el hogar a través de su extensa red de galerías minoristas de gran formato y su completa oferta de productos.,,258821404,USD,SMART,STK,
ACI,CR,RE1,consumer and retail,retail_giant,US0130911037,ALBERTSONS COS INC - CLASS A,30,"Opera como un importante minorista de comestibles, contribuyendo significativamente al panorama minorista a través de su extensa red de tiendas y diversa oferta de productos.","La importancia de Albertsons para el tema de la industria de Gigantes Minoristas se deriva de su posición como uno de los minoristas de alimentos más grandes de los Estados Unidos. La compañía opera una red sustancial de más de 2.273 tiendas en 34 estados y el Distrito de Columbia, respaldada por aproximadamente 285.000 empleados. Albertsons atiende a un promedio de 35,9 a 36,8 millones de clientes cada semana bajo más de 20 marcas conocidas, incluidas Albertsons, Safeway, Vons y Jewel-Osco.",429435235,USD,SMART,STK,"[{'name': 'aci-Q324-10-Q', 'url': 'https://storage.googleapis.com/reflexivity-documents-prod/edgar/filing/10-q/aci-Q324-10-Q.html'}, {'name': 'aci-Q224-10-Q', 'url': 'https://storage.googleapis.com/reflexivity-documents-prod/edgar/filing/10-q/aci-Q224-10-Q.html'}]"
CHWY,CR,RE1,consumer and retail,retail_giant,US16679L1098,CHEWY INC - CLASS A,31,"Opera como una entidad minorista en línea a gran escala, impactando el entorno competitivo y la participación del consumidor dentro de la industria minorista en general.","La posición de Chewy como el minorista en línea de mascotas más grande de Estados Unidos subraya su papel significativo dentro de la industria minorista. La escala y la influencia de la empresa se amplifican aún más por su oferta de prácticamente todos los productos que una mascota necesita, lo que solidifica su importancia como líder minorista en el segmento de cuidado de mascotas. Dada su presencia sustancial, Chewy demuestra una fuerte conexión con el tema de los gigantes minoristas.",370766146,USD,SMART,STK,"[{'name': 'chwy-Q224-10-Q', 'url': 'https://storage.googleapis.com/reflexivity-documents-prod/edgar/filing/10-q/chwy-Q224-10-Q.html'}]"
W,CR,RE1,consumer and retail,retail_giant,US94419L1017,WAYFAIR INC- CLASS A,32,"Opera como un minorista en línea prominente especializado en muebles y decoración para el hogar, contribuyendo significativamente al panorama del comercio electrónico de la industria minorista.","La conexión de Wayfair con el tema de la industria de Gigantes Minoristas se sustenta en su modelo de negocio de comercio electrónico, que ofrece navegación visualmente inspirada y precios atractivos para más de 30 millones de productos obtenidos de más de 20,000 proveedores. La escala significativa de la empresa se demuestra aún más por sus $11.851 mil millones en ingresos netos y una base de clientes sustancial de 21 millones de clientes activos. Esta amplia oferta de productos y el extenso alcance de clientes posicionan a Wayfair como un actor importante en el sector minorista.",168812158,USD,SMART,STK,"[{'name': 'w-FY24-10-K', 'url': 'https://storage.googleapis.com/reflexivity-documents-prod/edgar/filing/10-k/w-FY24-10-K.html'}]"
AZO,CR,RE1,consumer and retail,retail_giant,US0533321024,AUTOZONE INC,33,"Opera como un minorista a gran escala especializado en piezas y accesorios automotrices del mercado de repuestos, manteniendo una presencia significativa dentro del sector minorista.",,4750,USD,SMART,STK,
URBN,CR,RE1,consumer and retail,retail_giant,US9170471026,URBAN OUTFITTERS INC,34,"Opera una cartera diversa de marcas minoristas, estableciendo una presencia significativa en el mercado minorista global.",,275527,USD,SMART,STK,
DKS,CR,RE1,consumer and retail,retail_giant,US2533931026,DICK'S SPORTING GOODS INC,35,"Opera como un importante minorista de artículos deportivos, ropa y calzado, contribuyendo al panorama general de las principales empresas minoristas.","DICK'S Sporting Goods se posiciona como un gigante minorista debido a su estatus como minorista líder omnicanal de artículos deportivos, operando un número sustancial de tiendas. La empresa está adquiriendo estratégicamente Foot Locker con el objetivo de establecer una posición de liderazgo mundial en la industria minorista deportiva. Esta adquisición, combinada con un sólido desempeño financiero y ganancias de cuota de mercado, refuerza la influencia y presencia de DICK'S Sporting Goods en el sector minorista, al igual que su extensa variedad de productos y múltiples formatos de tienda.",16310970,USD,SMART,STK,"[{'name': 'dks-Q324-10-Q', 'url': 'https://storage.googleapis.com/reflexivity-documents-prod/edgar/filing/10-q/dks-Q324-10-Q.html'}]"
CVNA,CR,RE1,consumer and retail,retail_giant,US1468691027,CARVANA CO,36,"Opera una plataforma en línea a gran escala para la venta de automóviles usados, contribuyendo al panorama cambiante del comercio minorista digital.",,274144952,USD,SMART,STK,
DPZ,CR,RE1,consumer and retail,retail_giant,US25754A2015,DOMINO'S PIZZA INC,37,"Mantiene una vasta huella global de restaurantes de pizza, sirviendo a millones de clientes diariamente a través de sus extensas operaciones de entrega a domicilio y para llevar.",,29831612,USD,SMART,STK,
BJ,CR,RE1,consumer and retail,retail_giant,US05550J1016,BJ'S WHOLESALE CLUB HOLDINGS,38,"Opera como un club mayorista basado en membresía con numerosas ubicaciones, ofreciendo una amplia gama de productos a escala dentro del competitivo panorama minorista.",,323612220,USD,SMART,STK,
KMX,CR,RE1,consumer and retail,retail_giant,US1431301027,CARMAX INC,39,"Opera como un minorista a gran escala, contribuyendo significativamente al sector minorista a través de su amplia presencia en el mercado y su alto volumen de ventas.","La conexión de CarMax con el tema del Gigante Minorista es evidente, ya que es el minorista de vehículos usados más grande del país, lo que indica una posición dominante y operaciones extensas dentro del sector minorista. La prominencia y la escala de la empresa en la industria minorista resaltan su gran presencia. Ser el minorista más grande indica una influencia sustancial en el mercado minorista.",2586156,USD,SMART,STK,"[{'name': 'kmx-Q325-10-Q', 'url': 'https://storage.googleapis.com/reflexivity-documents-prod/edgar/filing/10-q/kmx-Q325-10-Q.html'}, {'name': 'kmx-Q225-10-Q', 'url': 'https://storage.googleapis.com/reflexivity-documents-prod/edgar/filing/10-q/kmx-Q225-10-Q.html'}]"
AN,CR,RE1,consumer and retail,retail_giant,US05329W1027,AUTONATION INC,40,"Funciona como un importante minorista automotriz, impulsando un volumen de ventas sustancial y una presencia en el mercado dentro del panorama más amplio de Gigantes Minoristas.","La conexión de AutoNation con el tema de Gigante Minorista surge de su posición como uno de los minoristas de automóviles más grandes de los Estados Unidos. La empresa opera una red sustancial de 325 franquicias de vehículos nuevos en 243 tiendas en todo el país, concentradas principalmente en los principales mercados metropolitanos de la región del Cinturón de Sol. Esta extensa presencia y escala solidifican la importancia de AutoNation dentro del sector minorista.",4528615,USD,SMART,STK,"[{'name': 'an-Q324-10-Q', 'url': 'https://storage.googleapis.com/reflexivity-documents-prod/edgar/filing/10-q/an-Q324-10-Q.html'}, {'name': 'an-FY24-10-K', 'url': 'https://storage.googleapis.com/reflexivity-documents-prod/edgar/filing/10-k/an-FY24-10-K.html'}]"
WRBY,CR,RE1,consumer and retail,retail_giant,US93403J1060,WARBY PARKER INC-CLASS A,41,"Participa en operaciones minoristas a gran escala a través de una red de tiendas físicas y una destacada plataforma de comercio electrónico, influyendo en los comportamientos de compra de los consumidores dentro de la industria minorista en general.",,517203799,USD,SMART,STK,
ASO,CR,RE1,consumer and retail,retail_giant,US00402L1070,ACADEMY SPORTS & OUTDOORS IN,42,"Opera como un minorista a gran escala en el sector deportivo y de actividades al aire libre, contribuyendo al panorama general de la industria minorista.","Academy Sports + Outdoors es un minorista líder de artículos deportivos y recreación al aire libre de línea completa en los Estados Unidos, que opera 293 tiendas en 19 estados, principalmente en el sur de los Estados Unidos, respaldado por aproximadamente 23,000 miembros del equipo, tres centros de distribución y una plataforma de comercio electrónico. La empresa está ejecutando planes de crecimiento de apertura de nuevas tiendas, abriendo 11 nuevas tiendas en 2024. Estas tiendas varían en tamaño desde aproximadamente 40,000 hasta 137,000 pies cuadrados brutos, con un tamaño promedio de aproximadamente 70,000 pies cuadrados brutos.",448389035,USD,SMART,STK,"[{'name': 'aso-Q324-10-Q', 'url': 'https://storage.googleapis.com/reflexivity-documents-prod/edgar/filing/10-q/aso-Q324-10-Q.html'}, {'name': 'aso-FY24-10-K', 'url': 'https://storage.googleapis.com/reflexivity-documents-prod/edgar/filing/10-k/aso-FY24-10-K.html'}]"
WMK,CR,RE1,consumer and retail,retail_giant,US9488491047,WEIS MARKETS INC,43,"Opera una cadena de tiendas minoristas, contribuyendo al panorama minorista en general a través de su amplia oferta de productos y alcance al cliente.",,13817,USD,SMART,STK,
ROST,CR,RE1,consumer and retail,retail_giant,US7782961038,ROSS STORES INC,44,"Opera como un destacado minorista de moda para el hogar y ropa a precios reducidos, contribuyendo significativamente al panorama competitivo y a la cuota de mercado dentro de la industria minorista en general.","La posición de Ross Stores como la cadena de moda para el hogar y ropa de descuento más grande de los Estados Unidos, operando 1.836 ubicaciones en 43 estados, el Distrito de Columbia y Guam, establece su importancia en el sector minorista. Esta amplia presencia y liderazgo en el mercado subrayan la importancia de la empresa como un gigante minorista.",273939,USD,SMART,STK,"[{'name': 'rost-Q324-10-Q', 'url': 'https://storage.googleapis.com/reflexivity-documents-prod/edgar/filing/10-q/rost-Q324-10-Q.html'}]"
BURL,CR,RE1,consumer and retail,retail_giant,US1220171060,BURLINGTON STORES INC,45,"Opera como un minorista significativo de precios reducidos, contribuyendo al panorama competitivo y a la escala general del sector minorista.","Burlington Stores mantiene una presencia sustancial en el sector minorista, operando 1.108 tiendas en 46 estados, Washington D.C. y Puerto Rico al 1 de febrero de 2025, y es reconocida como un minorista de precios rebajados a nivel nacional. La empresa está expandiendo activamente su huella, con planes de abrir aproximadamente 100 tiendas netas nuevas durante el próximo año fiscal y un total anticipado de 500 tiendas netas nuevas en cinco años. Esta expansión incluye la adquisición de 46 arrendamientos de Joann's Fabrics, y se espera que una parte significativa de las nuevas tiendas abran en el tercer trimestre de 2025, y la empresa cree que existe el potencial de operar 2.000 tiendas a largo plazo.",135699190,USD,SMART,STK,"[{'name': 'burl-FY24-10-K', 'url': 'https://storage.googleapis.com/reflexivity-documents-prod/edgar/filing/10-k/burl-FY24-10-K.html'}]"
ZGN,CR,RE1,consumer and retail,retail_giant,NL0015000PB5,ERMENEGILDO ZEGNA NV,46,"Mantiene una red global de tiendas minoristas de lujo, desempeñando un papel en la dinámica del mercado del segmento de alta gama y la escala general dentro de la industria minorista.",,532829500,USD,SMART,STK,
SHOO,CR,RE1,consumer and retail,retail_giant,US5562691080,STEVEN MADDEN LTD,47,"Se dedica al diseño, marketing y distribución de calzado, ropa y accesorios de marca a través de sus propios canales minoristas y asociaciones con importantes redes minoristas.",,4818051,USD,SMART,STK,
TSCO,CR,RE1,consumer and retail,retail_giant,US8923561067,TRACTOR SUPPLY COMPANY,48,"Opera como una importante cadena minorista, impactando el mercado minorista en general a través de sus extensas operaciones y alcance al cliente.","La posición de Tractor Supply Company como el minorista de estilo de vida rural más grande de los Estados Unidos subraya su importancia en la industria minorista. La empresa opera una red sustancial de más de 2.475 tiendas, lo que contribuye a ventas netas que superan los 3.000 millones de dólares por trimestre y los 14.880 millones de dólares en el año fiscal 2024. Esta extensa red de tiendas y volumen de ventas solidifican el papel de la empresa como un actor importante dentro del sector minorista.",6858322,USD,SMART,STK,"[{'name': 'tsco-FY24-10-K', 'url': 'https://storage.googleapis.com/reflexivity-documents-prod/edgar/filing/10-k/tsco-FY24-10-K.html'}, {'name': 'tsco-Q324-10-Q', 'url': 'https://storage.googleapis.com/reflexivity-documents-prod/edgar/filing/10-q/tsco-Q324-10-Q.html'}]"
REAL,CR,RE1,consumer and retail,retail_giant,US88339P1012,REALREAL INC/THE,49,"Opera dentro del sector minorista, caracterizado por la presencia de entidades minoristas a gran escala.",,373210998,USD,SMART,STK,
OLLI,CR,RE1,consumer and retail,retail_giant,US6811161099,OLLIE'S BARGAIN OUTLET HOLDI,50,"Opera como un destacado minorista de descuento, contribuyendo al panorama competitivo de la industria minorista en general al ofrecer mercancía a precios de valor.",,199975711,USD,SMART,STK,
GAP,CR,RE1,consumer and retail,retail_giant,US3647601083,GAP INC/THE,51,"Opera como un minorista global prominente, ofreciendo una cartera diversa de marcas de ropa a través de una extensa red de tiendas y canales en línea.",,7765,USD,SMART,STK,
WSM,CR,RE1,consumer and retail,retail_giant,US9699041011,WILLIAMS-SONOMA INC,52,"Opera como un actor destacado en el sector minorista, ofreciendo una cartera diversa de marcas de muebles para el hogar y utensilios de cocina a través de varios canales de venta.","Williams-Sonoma es un actor destacado en la industria minorista, operando múltiples marcas conocidas como Pottery Barn y West Elm y manteniendo una presencia significativa en el comercio minorista y de comercio electrónico. La empresa enfatiza la innovación, el diseño y el servicio al cliente para diferenciarse dentro de la industria. Williams-Sonoma se enfoca en expandir su surtido, producción y asociaciones 'Hecho en EE. UU.', solidificando aún más su posición como líder en el sector minorista.",5019164,USD,SMART,STK,
PAG,CR,RE1,consumer and retail,retail_giant,US70959W1036,PENSKE AUTOMOTIVE GROUP INC,53,Opera como un gigante minorista dentro de la industria.,"Penske Automotive Group se identifica como uno de los principales minoristas de automóviles y camiones comerciales del mundo y uno de los minoristas automotrices globales más grandes medido por los ingresos totales de concesionarios automotrices minoristas. Penske opera concesionarios en los Estados Unidos, el Reino Unido, Canadá, Alemania, Italia, Japón y Australia, y también es uno de los mayores minoristas de camiones comerciales en América del Norte para Freightliner. La empresa emplea a más de 28.900 personas en todo el mundo.",45006145,USD,SMART,STK,"[{'name': 'pag-FY24-10-K', 'url': 'https://storage.googleapis.com/reflexivity-documents-prod/edgar/filing/10-k/pag-FY24-10-K.html'}, {'name': 'pag-Q324-10-Q', 'url': 'https://storage.googleapis.com/reflexivity-documents-prod/edgar/filing/10-q/pag-Q324-10-Q.html'}]"
LAD,CR,RE1,consumer and retail,retail_giant,US5367971034,LITHIA MOTORS INC,54,"Opera una red de concesionarios de automóviles que, en conjunto, representan una empresa minorista a gran escala.","La posición de la empresa como minorista automotriz global, clasificada en el puesto 140 en Fortune 500 en 2024, destaca su importancia para la industria minorista. Esto se demuestra aún más por su operación de 460 tiendas en los Estados Unidos, el Reino Unido y Canadá, junto con casi 400 sitios web, que ofrecen 52 marcas de vehículos nuevos y todas las marcas de vehículos usados.",6608116,USD,SMART,STK,"[{'name': 'lad-FY24-10-K', 'url': 'https://storage.googleapis.com/reflexivity-documents-prod/edgar/filing/10-k/lad-FY24-10-K.html'}]"
ABG,CR,RE1,consumer and retail,retail_giant,US0434361046,ASBURY AUTOMOTIVE GROUP,55,"Opera como un actor importante en el sector minorista automotriz, contribuyendo al panorama minorista general a través de su extensa red de concesionarios.","La posición de la compañía como uno de los mayores minoristas de automóviles en los Estados Unidos, operando 152 concesionarios y 198 franquicias de vehículos nuevos en 14 estados, destaca su importancia para el tema de la industria Retail Giant. La significativa presencia y operaciones de la compañía indican un papel importante en el sector minorista.",14680959,USD,SMART,STK,"[{'name': 'abg-Q324-10-Q', 'url': 'https://storage.googleapis.com/reflexivity-documents-prod/edgar/filing/10-q/abg-Q324-10-Q.html'}, {'name': 'abg-FY24-10-K', 'url': 'https://storage.googleapis.com/reflexivity-documents-prod/edgar/filing/10-k/abg-FY24-10-K.html'}]"
SAH,CR,RE1,consumer and retail,retail_giant,US83545G1022,SONIC AUTOMOTIVE INC-CLASS A,56,"Participa en extensas operaciones minoristas automotrices, posicionándose como un actor a gran escala dentro de la industria minorista en general.","La posición de la empresa como uno de los mayores minoristas de automóviles en los EE. UU., según los ingresos totales declarados, destaca su importancia dentro de la industria minorista. La empresa se identifica como un actor insignia en el espacio minorista, lo que indica una influencia sustancial. Si bien la empresa enfatiza su tamaño, no hay un posicionamiento propietario o único específico, ni datos explícitos de contribución de ingresos, lo que sugiere una contribución de ingresos inferior al 10%.",6478065,USD,SMART,STK,"[{'name': 'sah-Q324-10-Q', 'url': 'https://storage.googleapis.com/reflexivity-documents-prod/edgar/filing/10-q/sah-Q324-10-Q.html'}, {'name': 'sah-FY24-10-K', 'url': 'https://storage.googleapis.com/reflexivity-documents-prod/edgar/filing/10-k/sah-FY24-10-K.html'}]"
VSCO,CR,RE1,consumer and retail,retail_giant,US9264001028,VICTORIA'S SECRET & CO,57,"Opera como un minorista prominente con una presencia significativa en el mercado y una extensa red de tiendas, contribuyendo al panorama minorista en general.","La posición de Victoria's Secret como un gigante minorista está respaldada por su autodescripción como la 'compañía de lencería más grande del mundo' con una cuota de mercado líder. La empresa opera bajo múltiples marcas, incluidas Victoria's Secret, PINK y Adore Me, vendiendo lencería femenina, cuidado personal y productos de belleza. Con presencia en casi 70 países y una gran red de tiendas minoristas en EE. UU., Canadá y China, Victoria's Secret se beneficia de la conciencia de marca global y una profunda conexión con sus clientes.",502415513,USD,SMART,STK,"[{'name': 'vsco-Q224-10-Q', 'url': 'https://storage.googleapis.com/reflexivity-documents-prod/edgar/filing/10-q/vsco-Q224-10-Q.html'}, {'name': 'vsco-Q324-10-Q', 'url': 'https://storage.googleapis.com/reflexivity-documents-prod/edgar/filing/10-q/vsco-Q324-10-Q.html'}, {'name': 'vsco-FY24-10-K', 'url': 'https://storage.googleapis.com/reflexivity-documents-prod/edgar/filing/10-k/vsco-FY24-10-K.html'}]"
KSS,CR,RE1,consumer and retail,retail_giant,US5002551043,KOHLS CORP,58,"Opera como una destacada cadena de grandes almacenes, contribuyendo al panorama de las operaciones minoristas a gran escala a través de su extensa red y diversa oferta de productos.","Kohl's es un minorista omnicanal líder, que opera una red sustancial de más de 1.175 tiendas y una presencia en línea significativa a través de su sitio web. La compañía se identifica consistentemente como un minorista líder, lo que indica su posición establecida e influencia dentro de la industria minorista. La extensa red de tiendas y la plataforma en línea de Kohl's demuestran su compromiso de llegar a una amplia base de clientes, solidificando su importancia en el sector minorista.",8942,USD,SMART,STK,"[{'name': 'kss-Q324-10-Q', 'url': 'https://storage.googleapis.com/reflexivity-documents-prod/edgar/filing/10-q/kss-Q324-10-Q.html'}, {'name': 'kss-FY24-10-K', 'url': 'https://storage.googleapis.com/reflexivity-documents-prod/edgar/filing/10-k/kss-FY24-10-K.html'}]"
BBWI,CR,RE1,consumer and retail,retail_giant,US0708301041,BATH & BODY WORKS INC,59,"Opera como un minorista prominente en el mercado de cuidado personal y fragancias para el hogar, manteniendo una presencia física y en línea sustancial.","La posición de BBWI como un gigante minorista está respaldada por sus sustanciales ventas netas consolidadas, que alcanzaron los 1.610 millones de dólares en el tercer trimestre de 2024, lo que representa un aumento de 48 millones de dólares en comparación con el año anterior. El enfoque de la empresa en impulsar el crecimiento de los ingresos a través de categorías principales y su gran escala, con miles de tiendas y una importante plantilla, solidifica aún más su importancia en el sector minorista. Estos factores, combinados con las prioridades estratégicas de la empresa, resaltan su papel como un actor importante en la industria minorista.",502252263,USD,SMART,STK,"[{'name': 'bbwi-Q324-10-Q', 'url': 'https://storage.googleapis.com/reflexivity-documents-prod/edgar/filing/10-q/bbwi-Q324-10-Q.html'}]"
SVV,CR,RE1,consumer and retail,retail_giant,US80517M1099,SAVERS VALUE VILLAGE INC,60,"Opera una red de tiendas minoristas de gran formato que ofrecen una amplia gama de productos, contribuyendo al sector minorista en general.",,639336278,USD,SMART,STK,
SIG,CR,RE1,consumer and retail,retail_giant,BMG812761002,SIGNET JEWELERS LTD,61,"Opera como un importante minorista especializado, contribuyendo significativamente al sector minorista a través de su extensa red de joyerías.","Signet Jewelers es el minorista de joyería de diamantes más grande del mundo, manteniendo una presencia significativa en el panorama minorista con 2.668 ubicaciones minoristas. La posición de la compañía como el minorista de joyería de diamantes más grande destaca su importancia como un gigante minorista, a pesar de enfrentar un entorno minorista competitivo y dinámico y un entorno macroeconómico global desafiante.",53747825,USD,SMART,STK,"[{'name': 'sig-FY25-10-K', 'url': 'https://storage.googleapis.com/reflexivity-documents-prod/edgar/filing/10-k/sig-FY25-10-K.html'}, {'name': 'sig-Q225-10-Q', 'url': 'https://storage.googleapis.com/reflexivity-documents-prod/edgar/filing/10-q/sig-Q225-10-Q.html'}, {'name': 'sig-Q325-10-Q', 'url': 'https://storage.googleapis.com/reflexivity-documents-prod/edgar/filing/10-q/sig-Q325-10-Q.html'}]"
FIVE,CR,RE1,consumer and retail,retail_giant,US33829M1018,FIVE BELOW,62,"Opera una cadena de tiendas minoristas de descuento, sirviendo a una amplia base de clientes y contribuyendo al panorama general de las operaciones minoristas a gran escala.",,110650558,USD,SMART,STK,
FND,CR,RE1,consumer and retail,retail_giant,US3397501012,FLOOR & DECOR HOLDINGS INC-A,63,"Opera como un minorista especializado de gran formato, influyendo en la dinámica de la industria minorista en general.",,273992879,USD,SMART,STK,
DDS,CR,RE1,consumer and retail,retail_giant,US2540671011,DILLARDS INC-CL A,64,"Opera una cadena de grandes almacenes, contribuyendo al panorama minorista en general a través de su extensa red y diversas ofertas de productos.",,6390,USD,SMART,STK,
KRG,CR,RE1,consumer and retail,retail_giant,US49803T3005,KITE REALTY GROUP TRUST,65,Facilita las operaciones de las principales cadenas minoristas al proporcionar ubicaciones estratégicas de centros comerciales al aire libre.,,161703135,USD,SMART,STK,
CPRI,CR,RE1,consumer and retail,retail_giant,VGG1890L1076,CAPRI HOLDINGS LTD,66,"Opera como minorista global de moda de lujo, gestionando una cartera de marcas icónicas a través de una extensa red de tiendas y canales en línea.","Capri Holdings, un grupo mundial de moda de lujo, demuestra su conexión con el tema de la industria de Gigantes Minoristas a través de su cartera de marcas, que incluyen Versace, Jimmy Choo y Michael Kors. El enfoque de la empresa en hacer crecer a Michael Kors hasta los $4 mil millones en ingresos y a Jimmy Choo hasta los $800 millones subraya sus iniciativas estratégicas para mejorar las tendencias de ventas. Con una red de distribución global, que incluye tiendas minoristas operadas por la empresa y sitios de comercio electrónico, Michael Kors tiene presencia en más de 100 países, lo que solidifica la posición de Capri como un actor importante en la industria minorista.",347409760,USD,SMART,STK,"[{'name': 'cpri-Q325-10-Q', 'url': 'https://storage.googleapis.com/reflexivity-documents-prod/edgar/filing/10-q/cpri-Q325-10-Q.html'}, {'name': 'cpri-Q225-10-Q', 'url': 'https://storage.googleapis.com/reflexivity-documents-prod/edgar/filing/10-q/cpri-Q225-10-Q.html'}]"
LEVI,CR,RE1,consumer and retail,retail_giant,US52736R1023,LEVI STRAUSS & CO- CLASS A,67,"Proporciona productos de vestimenta icónicos que son una oferta básica en las principales cadenas minoristas, contribuyendo a la diversidad de productos y a las ventas de gigantes minoristas globales.","Levi's es un actor importante en la industria minorista, como lo demuestra su ambición de convertirse en una empresa de 10.000 millones de dólares y su posición de liderazgo en cuota de mercado, especialmente en los EE. UU. La empresa opera un negocio sustancial directo al consumidor, que abarca canales físicos y de comercio electrónico, con canales propios y operados que representan más de la mitad de su negocio. Además, Levi's mantiene una fuerte presencia de marca, centrándose en mejorar la experiencia del consumidor y expandir su red global de tiendas, al tiempo que se asocia con mayoristas clave como Zalando y Galeries Lafayette.",358053635,USD,SMART,STK,
PVH,CR,RE1,consumer and retail,retail_giant,US6936561009,PVH CORP,68,"Opera como una importante empresa global de indumentaria con marcas icónicas, distribuyendo productos a través de una vasta red de canales minoristas propios y de terceros en todo el mundo.","PVH Corp. es un actor importante en la industria minorista, operando a nivel mundial con las marcas icónicas Tommy Hilfiger y Calvin Klein, que juntas generan más del 90% de sus ingresos. Con aproximadamente 1.400 tiendas físicas operadas por la empresa en todo el mundo, PVH tiene una presencia minorista sustancial, distribuyendo a través de minoristas tradicionales, comercio digital, franquiciados y licenciatarios. El enfoque estratégico de PVH incluye el fortalecimiento de sus marcas principales a través de la innovación de productos, el marketing y la ejecución en el mercado, como lo demuestra el relanzamiento de la ropa deportiva y los jeans para mujer de Calvin Klein, respaldado por campañas de marketing e inversiones en experiencias de compra.",90794895,USD,SMART,STK,"[{'name': 'pvh-Q224-10-Q', 'url': 'https://storage.googleapis.com/reflexivity-documents-prod/edgar/filing/10-q/pvh-Q224-10-Q.html'}, {'name': 'pvh-Q324-10-Q', 'url': 'https://storage.googleapis.com/reflexivity-documents-prod/edgar/filing/10-q/pvh-Q324-10-Q.html'}]"
AEO,CR,RE1,consumer and retail,retail_giant,US02553E1064,AMERICAN EAGLE OUTFITTERS,69,Opera como una entidad sustancial e influyente dentro de la industria minorista.,"American Eagle Outfitters se identifica como un minorista especializado líder a nivel mundial que ofrece ropa, accesorios y productos de cuidado personal bajo las marcas American Eagle y Aerie. Si bien la empresa se identifica como un minorista especializado líder a nivel mundial, con unos ingresos netos totales de 5.329 millones de dólares en el ejercicio fiscal de 2024, no hay información explícita que sugiera un modelo de negocio propietario o único. Aunque la empresa tiene una presencia e influencia significativas en la industria minorista, no demuestra necesariamente un dominio como 'Gigante Minorista'.",4725951,USD,SMART,STK,"[{'name': 'aeo-Q324-10-Q', 'url': 'https://storage.googleapis.com/reflexivity-documents-prod/edgar/filing/10-q/aeo-Q324-10-Q.html'}, {'name': 'aeo-FY24-10-K', 'url': 'https://storage.googleapis.com/reflexivity-documents-prod/edgar/filing/10-k/aeo-FY24-10-K.html'}, {'name': 'aeo-Q224-10-Q', 'url': 'https://storage.googleapis.com/reflexivity-documents-prod/edgar/filing/10-q/aeo-Q224-10-Q.html'}]"
VNO,CR,RE1,consumer and retail,retail_giant,US9290421091,VORNADO REALTY TRUST,70,Proporciona infraestructura inmobiliaria esencial a grandes empresas minoristas al poseer y gestionar propiedades que alquilan.,,13535,USD,SMART,STK,
COLM,CR,RE1,consumer and retail,retail_giant,US1985161066,COLUMBIA SPORTSWEAR CO,71,"Opera como un minorista y mayorista global prominente de ropa y calzado para actividades al aire libre, interactuando directamente con los consumidores y a través de otros canales minoristas importantes.","Columbia Sportswear Company es considerada un gigante minorista debido a su sólida posición financiera, diversa cartera de marcas y amplia experiencia en comercio internacional, respaldada por su capacidad para navegar entornos desafiantes desde 1938. La compañía reconoce la incertidumbre de las políticas públicas que enfrenta la industria en los Estados Unidos, al tiempo que enfatiza su resiliencia y experiencia en la superación de desafíos. La compañía se refiere a sí misma como una empresa fuerte con una increíble cartera de marcas.",4728458,USD,SMART,STK,
IMKTA,CR,RE1,consumer and retail,retail_giant,US4570301048,INGLES MARKETS INC-CLASS A,72,"Participa en operaciones minoristas a gran escala a través de su cadena de supermercados, contribuyendo al sector minorista en general.",,270520,USD,SMART,STK,
CRI,CR,RE1,consumer and retail,retail_giant,US1462291097,CARTER'S INC,73,"Sirve como un proveedor clave de ropa y accesorios para niños para las principales cadenas minoristas, contribuyendo a su diversidad de productos y volumen de ventas.","La importancia de la empresa en el tema de Gigante Minorista se sustenta en su posición como el mayor comercializador de marcas de ropa para niños pequeños en América del Norte. Esto se ve reforzado por su extensa red de distribución, que incluye más de mil tiendas minoristas propias en América del Norte y aproximadamente 19.500 ubicaciones mayoristas. Además, los productos de la empresa están disponibles internacionalmente a través de cuentas mayoristas y licenciatarios que operan en más de 1.100 ubicaciones en más de 90 países.",26593783,USD,SMART,STK,"[{'name': 'cri-Q324-10-Q', 'url': 'https://storage.googleapis.com/reflexivity-documents-prod/edgar/filing/10-q/cri-Q324-10-Q.html'}, {'name': 'cri-FY24-10-K', 'url': 'https://storage.googleapis.com/reflexivity-documents-prod/edgar/filing/10-k/cri-FY24-10-K.html'}]"
YETI,CR,RE1,consumer and retail,retail_giant,US98585X1046,YETI HOLDINGS INC,74,Aprovecha las extensas redes de distribución de grandes socios minoristas para hacer que sus productos para exteriores y recreación sean accesibles a una amplia base de consumidores.,"La estrategia de distribución de YETI implica canales mayoristas y directos al consumidor. Los productos de la empresa están disponibles a través de importantes minoristas nacionales y regionales como Dick’s Sporting Goods, REI, Academy Sports + Outdoors y Bass Pro Shops, así como a través de sus propios sitios web, tiendas minoristas y Amazon Marketplace. Este enfoque omnicanal, con un enfoque en asociaciones minoristas selectas, demuestra la presencia de YETI en el panorama minorista.",338719595,USD,SMART,STK,"[{'name': 'yeti-Q125-10-Q', 'url': 'https://storage.googleapis.com/reflexivity-documents-prod/edgar/filing/10-q/yeti-Q125-10-Q.html'}, {'name': 'yeti-Q225-10-Q', 'url': 'https://storage.googleapis.com/reflexivity-documents-prod/edgar/filing/10-q/yeti-Q225-10-Q.html'}]"
WWW,CR,RE1,consumer and retail,retail_giant,US9780971035,WOLVERINE WORLD WIDE INC,75,"Vende su diversa cartera de marcas de calzado y prendas de vestir a través de las principales cadenas minoristas, aprovechando sus extensas redes de distribución para llegar a una amplia base de consumidores.","El compromiso de la empresa con el tema de Gigante Minorista se refleja en la operación de 119-120 tiendas minoristas en EE. UU., Europa, el Reino Unido e Italia, complementado por 39 sitios de comercio electrónico directos al consumidor. Además, las marcas de la empresa se comercializan en aproximadamente 170 países y territorios, incluso a través de operaciones propias en EE. UU., Canadá, el Reino Unido y ciertos países de Europa continental y Asia Pacífico. La empresa es un diseñador, comercializador y licenciante líder a nivel mundial de calzado, ropa y accesorios de marca.",13938,USD,SMART,STK,"[{'name': 'www-Q324-10-Q', 'url': 'https://storage.googleapis.com/reflexivity-documents-prod/edgar/filing/10-q/www-Q324-10-Q.html'}, {'name': 'www-FY24-10-K', 'url': 'https://storage.googleapis.com/reflexivity-documents-prod/edgar/filing/10-k/www-FY24-10-K.html'}]"
